"Luxesierbeslag","Luxesierbeslag-Titel","Sku","_type"
"29.87","Cijferhangslot Abus 4 cijfers 160/50","1226053","dict"
"58.64","Goal buitendeurslot roestvaststaal  us51e","1203241","dict"
"34.55","Goal loopslot       roestvaststaal  us 1e","1203245","dict"
"72.59","Goal voordeurslot   roestvaststaal  us 8e","1203243","dict"
"36.43","Goal badk.deurslot  roestvaststaal  us 4e","1203247","dict"
"58.64","Goal buitendeurloopslot RVS US5E","1203249","dict"
"19.44","Alprokon Deurnaald onderdeel Tecnofire-165x90 (Nemef 600)","1463864","dict"
"13.78","Alprokon Deurnaald onderdeel Tecnofire-89x36 (Scharnieren)","1463865","dict"
"41.33","Ami vh-schilden 251/15 f1 pc92 ktb dd40","1306797","dict"
"43.14","Ami vh-schilden 251/15 f1 pc92 ktb dd54","1306798","dict"
"89.72","Finger Alert 180° wit 245cm","1476031","dict"
"27.54","Window Alert wit raambeveiliging","1476033","dict"
"102.06","Finger Alert Extreme 180cm wit","1476054","dict"
"102.06","Finger Alert Extreme 180cm antraciet","1476055","dict"
"102.06","Finger Alert Extreme 180cm zilver grijs","1476056","dict"
"106.40","Finger Alert Extreme 195cm wit","1476057","dict"
"106.40","Finger Alert Extreme 195cm antraciet","1476058","dict"
"106.40","Finger Alert Extreme 195cm zilver grijs","1476059","dict"
"40.47","Deurstopper Finger Alert Door Slam Stopper, afmeting 13x5,5cm","1476060","dict"
"\7.67","Deurstop roestvaststaal voor wandmontage 25x60mm","1217883","dict"
"\7.56","Leuninghouder hol opschroevend zwart w7271","1313095","dict"
"23.57","Deurkruk RVS op rond rozet 50mm kunststof, geveerd","E350000","dict"
"23.57","Deurkruk / deurbeslag Alba RVS, krukstel op rond rozet 50mm","E350001","dict"
"26.15","Deurkruk Christina RVS, krukstel op rond rozet 50mm","E350002","dict"
"26.15","Deurkruk Black RVS, krukstel op rond rozet 50mm","E350003","dict"
"44.49","Deurkruk Madrid RVS, krukstel hol op rond rozet 50mm","E350004","dict"
"\9.89","Cilinderrozet 50MM RVS rond per paar","E350010","dict"
"\9.89","Sleutelrozet 50mm RVS Rond per paar","E350011","dict"
"36.57","Deurkruk Morgan RVS, krukstel op rond rozet 50mm","E350005","dict"
"44.87","Deurkruk Arena RVS, krukstel op rond rozet 50mm","E350006","dict"
"25.71","WC garnituur 50mm RVS rond","E350012","dict"
"27.15","Deurkruk Alaska RVS, krukstel op rond rozet 50mm","E350007","dict"
"59.29","Deurkruk Alba RVS, krukstel op vierkant rozet 52mm","E350013","dict"
"59.29","Deurkruk Kubus RVS, krukstel op vierkant rozet 52mm","E350014","dict"
"50.08","Deurkruk Malibu RVS, krukstel op vierkant rozet 52mm","E350015","dict"
"78.92","Deurkruk Louisiana mat nikkel, krukstel op vierkant rozet 52mm","E350016","dict"
"63.22","Deurkruk Alaska RVS, krukstel op vierkant rozet 52mm","E350017","dict"
"80.54","Deurkruk Cube Pure RVS, krukstel op vierkant rozet 52mm","E350018","dict"
"19.80","Cilinderrozet RVS 52mmm per paar vierkant","E350024","dict"
"19.80","Sleutelrozet RVS 52mm per paar vierkant","E350025","dict"
"19.80","Cilinderrozet mat nikkel 52mm per paar vierkant","E350026","dict"
"\9.51","Sleutelrozet mat nikkel 52mm per paar vierkant","E350027","dict"
"42.16","WC garnituur RVS 52MM vierkant","E350028","dict"
"38.32","WC garnituur Mat Nikkel 52mm vierkant","E350029","dict"
"12.27","Deurkruk alum op rond rozet 50mm kunststof, ongeveerd R1981F1","E350031","dict"
"12.27","Deurkruk Toronto Aluminium, krukstel op rond rozet 50mm","E350030","dict"
"19.17","Deurkruk Dublino aluminium, krukstel op rond rozet 50mm","E350032","dict"
"13.56","Deurkruk Venus aluminium, krukstel op rond rozet 50mm","E350033","dict"
"\1.33","Sleutelrozet Aluminium  50mm per paar F1","E350035","dict"
"10.41","wc garnituur alu 50 mm rond 9400F1","E350036","dict"
"38.01","Deurkruk Michela mat nikkel gelakt, krukstel op rond rozet 50mm","E350037","dict"
"30.78","Deurkruk Apoll mat nikkel gelakt, krukstel op rond rozet 50mm","E350038","dict"
"27.32","Deurkruk Rhapsodie mat nikkel gelakt, krukstel op rond rozet 50mm","E350039","dict"
"\9.87","Cilinderrozet mat nikkel 50mm rond per paar","E350045","dict"
"\9.87","Sleutelrozet mat nikkel 50mm rond per paar","E350046","dict"
"21.73","WC garnituur 50 mm mat nikkel rond","E350047","dict"
"57.89","Deurkruk nikkel gepolijst jaren 30, krukstel  beuken gelakt op 38mm rozet","E350048","dict"
"44.75","Deurkruk Ton mat chroom jaren 30, krukstel beuken gelakt op 55mm rozet","E350049","dict"
"64.15","Deurkruk Thor nikkel gepolijst jaren 30, krukstel Beuken gelakt op 55mm rozet retro","E350050","dict"
"19.28","Sleutelrozet glans nikkel 38mm vierkant per paar","E350051","dict"
"14.73","Cilinderrozet glans nikkel 55mm rond per paar","E350052","dict"
"14.73","Sleutelrozet glans nikkel 55mm rond per paar","E350053","dict"
"10.66","Cilinderrozet mat chroom 50mm rond per paar","E350054","dict"
"10.66","Sleutelrozet mat chroom 50mm rond per paar","E350055","dict"
"37.57","WC garnituur glans nikkel 38mm vierkant rozet","E350056","dict"
"28.00","WC garnituur glans nikkel 50mm rond","E350057","dict"
"23.99","WC garnituur mat chroom 50mm rond","E350058","dict"
"26.80","Deurkruk Alba Promo zwart, krukstel op rond rozet 50mm","E350059","dict"
"49.82","Deurkruk Arena zwart, krukstel op rond rozet 50mm","E350060","dict"
"17.96","Deurkruk zwart aluminium, krukstel op rond rozet 50mm","E350061","dict"
"11.40","Cilinderrozet zwart 50mm rond per paar","E350062","dict"
"11.40","Sleutelrozet zwart 50mm rond per paar","E350063","dict"
"31.08","WC Garnituur zwart 50mm rond","E350064","dict"
"\3.87","Cilinderrozet alum. zwart  50mm rond per paar","E350065","dict"
"\3.87","Sleutelrozet alum. zwart  50mm rond per paar","E350066","dict"
"12.16","WC garnituur alum. zwart 50mm rond","E350067","dict"
"\8.07","Nemef vh-sluitkom VS4228","1200092","dict"
"15.88","Nemef loopslot 1255-2 zw.veer","1200641","dict"
"20.67","Nemef badkamerslot 1264-4 zw.veer","1200643","dict"
"21.78","Nemef d/n slot sl.56 1266-4 zw.veer","1200645","dict"
"24.72","Nemef d/n slot pc55 1269-4 zw.veer","1200647","dict"
"28.87","Nemef kastslot pc   638/2-kv-60","1201240","dict"
"72.65","Nemef d/n slot sl646/17-kv-60 din R","1201274","dict"
"72.65","Nemef d/n slot sl646/17-kv-60 din L","1201275","dict"
"124.25","Nemef a/p slot 649/46-kv-60 Din links BI","1201308","dict"
"124.25","Nemef a/p slot 649/46-kv-60 Din Rechts BI","1201309","dict"
"\2.95","Nemef sluitplaat roestvaststaal rond loop p635/17.","1201543","dict"
"\3.15","Nemef hoeksluitplaat hp646/12 ls","1201580","dict"
"\3.15","Nemef hoeksluitplaat hp646/12 rs","1201581","dict"
"\5.60","Nemef sluitplaat roestvaststaal rond d/n p646/17 din L.","1201609","dict"
"\5.60","Nemef sluitplaat roestvaststaal rond d/n p646/17 din R.","1201610","dict"
"\2.95","Nemef sluitplaat roestvaststaal rond kast p636/18","1201617","dict"
"\2.84","Nemef sluitplaat rvs 29x109,5 recht 4228","1201686","dict"
"\0.58","Nemef sluitplaat 1256/12 afgerond","1201755","dict"
"54.92","Knopcilinder corbin dubb.2x10 96260","1202025","dict"
"13.85","Uitzetter combi        2040/18","1308450","dict"
"110.07","Cilinder corbin dubb.p 6 gls 91260","1202007","dict"
"730.22","Cilinder corbin dubb.p48 gls 91260","1202010","dict"
"\3.86","Axa titan scharnier 89x89x3 RH TC los","1161200","dict"
"\4.09","Axa titan scharnier 89x89x3 RHVH  TC los ***","1161220","dict"
"102.12","Digitale deurspion silverline 3,2tft","1245029","dict"
"31.91","Axaflex security zwart 2660-20-56E","1304820","dict"
"16.87","Briefplaat Axa, met naamplaat en veermechanisme, kleur zwart, afmeting 350x74mm","1304860","dict"
"16.86","Habiles uitzetijzer roestvaststaal OH 2635-32-82","1305019","dict"
"25.58","Axaflex met.raam roestvaststaal2642-30-82","1305029","dict"
"23.70","Axaflex roestvaststaal/wit 2647-10-74E","1305036","dict"
"25.45","Axaflex/smal.koz 20mm/zwart/roestvaststaal","1305091","dict"
"31.91","Axaflex security roestvaststaal/wit 2660-20-75","1305101","dict"
"31.29","Axaflex security roestvaststaal/zw.2660-20-82","1305105","dict"
"\9.49","Axafix  uitzetijzer  roestvaststaal   2488-50-82","1305106","dict"
"12.92","Axafix  uitzetijzer  roestvaststaal   2488-10-82","1305113","dict"
"71.41","Axa vh combi raamsluiting Oyster rs","1305272","dict"
"71.41","Axa vh combi raamsluiting Oyster ls","1305273","dict"
"16.78","Habilis uitzetijzer roestvaststaal kh 2635-31-81E","1305345","dict"
"16.78","Habiles uitzetijzer roestvaststaal/wit 2636-30-75","1305358","dict"
"16.78","Habiles uitzetijzer  roestvaststaal   2635-30-82","1305359","dict"
"\7.78","Habilis st.grijs kh 2635-31-50","1305362","dict"
"23.72","Axaflex  roestvaststaal/zwart  2640-10-82","1305380","dict"
"23.78","Axaflex  roestvaststaal/zwart  2640-20-81E","1305381","dict"
"23.78","Axaflex roestvaststaal/wit 2647-20-74E","1305412","dict"
"30.76","Axaflex rvs/wit gel2644-20-74","1305421","dict"
"30.76","Axaflex roestvaststaal/wit    2644-30-75","1305422","dict"
"43.14","Valdorpel met tijdvertraagde sluiting, 730mm lengte, 60 min. brandwerend, 51dB, groef 15x30mm","1475803","dict"
"43.75","Valdorpel met tijdvertraagde sluiting, 830mm lengte, 60 min. brandwerend, 51dB, groef 15x30mm","1475804","dict"
"44.37","Valdorpel met tijdvertraagde sluiting, 930mm lengte, 60 min. brandwerend, 51dB, groef 15x30mm","1475805","dict"
"45.00","Valdorpel met tijdvertraagde sluiting, 1030mm lengte, 60 min. brandwerend, 51dB, groef 15x30mm","1475806","dict"
"45.62","Valdorpel met tijdvertraagde sluiting, 1130mm lengte, 60 min. brandwerend, 51dB, groef 15x30mm","1475807","dict"
"46.21","Valdorpel met tijdvertraagde sluiting, 1230mm lengte, 60 min. brandwerend, 51dB, groef 15x30mm","1475808","dict"
"46.83","Valdorpel met tijdvertraagde sluiting, 1330mm lengte, 60 min. brandwerend, 51dB, groef 15x30mm","1475809","dict"
"47.43","Valdorpel met tijdvertraagde sluiting, 1430mm lengte, 60 min. brandwerend, 51dB, groef 15x30mm","1475810","dict"
"48.06","Valdorpel met tijdvertraagde sluiting, 1530mm lengte, 60 min. brandwerend, 51dB, groef 15x30mm","1475811","dict"
"\0.92","Berkvens sluitplaat berdo opdek","1417102","dict"
"\2.18","Kozijnbuffer wit 2mm   berkvens","1417105","dict"
"\8.83","BSW scharnier met afgeronde hoek  en veiligheidsnok 818 GV 89x102x3","1160001","dict"
"\9.72","BSW scharnier met afgeronde hoek  en veiligheidsnok 818 GV 89x152x3","1160002","dict"
"11.05","BSW scharnier met afgeronde hoek rd818std 89x89x3 roestvaststaal-","1160005","dict"
"14.57","BSW scharnier met afgeronde hoek en veiligheidsnok vrd818std 89x89x3 roestvaststaal","1160006","dict"
"20.88","BSW scharnier rd818bv 89x127x3 zwart rh","1160018","dict"
"\1.14","Bsw scharnierpen 818 gv 89mm","1160011","dict"
"20.90","BSW scharnier vrd818bv 89x80x3 zwart","1160015","dict"
"\7.91","Bsw kogelscharnier met afgeronde hoek b802 verzinkt 102x102mm","1160039","dict"
"\9.72","BSW 818 allround scharnier met afgeronde hoek  en veiligheidsnok 818 verzinkt 89x127x3mm.","1160043","dict"
"\9.22","BSW 818 allround scharnier met afgeronde hoek 818 verzinkt 89x127x3mm.","1160044","dict"
"22.24","BSW scharnier rd818std 89x152x3 mm roestvaststaal","1160045","dict"
"23.28","Bsw kogelstiftpaumelle rd 818 roestvaststaal std 89x127x3mm","1160050","dict"
"22.24","Bsw kogelstiftpaumelle rd818std roestvaststaal 89x127x3mm","1160051","dict"
"\3.13","BSW scharnier vrd1815gv 89x80x3 met afgeronde hoek, en veiligheidsnok verzinkt","1160055","dict"
"\3.23","BSW scharnier vrd1815gv 89x89x3 met afgeronde hoek, en veiligheidsnok verzinkt","1160060","dict"
"\9.11","BSW scharnier vrd1816gv 89x80x3 met afgeronde hoek, en veiligheidsnok verzinkt","1160065","dict"
"17.67","BSW scharnier V RD 818 std DD 89x80x3 RVS","1160080","dict"
"\5.89","BSW veiligheidsscharnier Protect 818, afgeronde hoek, verzinkt, 89x80mm, SKG**","1160092","dict"
"\5.55","BSW veiligheidsscharnier Protect 818, afgeronde hoek, verzinkt, 89x80mm, ongemonteerd, SKG**","1160093","dict"
"\3.91","BSW veiligheidsscharnier Protect 818, afgeronde hoek, verzinkt, 89x89mm, ongemonteerd, SKG**","1160095","dict"
"\8.71","BSW veiligheidsscharnier Protect 818, afgeronde hoek, verzinkt, 89x102mm, SKG**","1160096","dict"
"\9.99","BSW veiligheidsscharnier Protect 818, afgeronde hoek, verzinkt, 89x127mm, SKG**","1160097","dict"
"\9.99","BSW veiligheidsscharnier Protect 818, afgeronde hoek, verzinkt, 89x152mm, SKG**","1160098","dict"
"\9.49","BSW veiligheidsscharnier Protect 818, afgeronde hoek, accoya-proof, 89x80mm, SKG**","1160099","dict"
"20.87","Onzichtbaar scharnier, 3D, type Hide 130-60, afmeting 130x30mm, glans nikkel","1160122","dict"
"53.12","Onzichtbaar scharnier, 3D, type Hide 130-60, afmeting 130x30mm, kleur F1","1160124","dict"
"26.52","Onzichtbaar scharnier, 3D, type Hide 130-60, afmeting 130x30mm, kleur zwart","1160126","dict"
"27.93","Onzichtbaar scharnier, 3D, type Hide 130-70, afmeting 130x30mm, glans nikkel, brandwerend 30 minuten","1160131","dict"
"30.50","Onzichtbaar scharnier, 3D, type Hide 130-70, afmeting 130x30mm, kleur F1, brandwerend 30 minuten","1160133","dict"
"37.70","Onzichtbaar scharnier, 3D, type Hide 130-70, afmeting 130x30mm, kleur zwart, brandwerend 30 minuten","1160135","dict"
"36.43","Onzichtbaar scharnier, 3D, type Hide 130-70, afmeting 130x30mm, mat nikkel, brandwerend 30 minuten","1160137","dict"
"43.23","Onzichtbaar scharnier, 3D, type Hide 130-70, afmeting 130x30mm, inox look, brandwerend 30 minuten","1160139","dict"
"32.96","Onzichtbaar scharnier, 3D, type Hide 134-60, afmeting 134x24x21mm, glans nikkel","1160154","dict"
"42.73","Onzichtbaar scharnier, 3D, type Hide 130-70, afmeting 130x30mm, mat crhoom, brandwerend 30 minuten","1160140","dict"
"34.99","Onzichtbaar scharnier, 3D, type Hide 134-60, afmeting 134x24x21mm, kleur F1","1160156","dict"
"43.79","Onzichtbaar scharnier, 3D, type Hide 134-60, afmeting 134x24x21mm, kleur zwart","1160157","dict"
"41.53","Onzichtbaar scharnier, 3D, type Hide 134-60, afmeting 134x24x21mm, kleur mat nikkel","1160158","dict"
"49.44","Onzichtbaar scharnier, 3D, type Hide 134-60, afmeting 134x24x21mm, kleur inox look","1160159","dict"
"38.67","Onzichtbaar scharnier, 3D, type Hide 134-60, afmeting 134x24x21mm, kleur mat chroom","1160160","dict"
"39.36","Onzichtbaar scharnier, 3D, type Hide 160-120, afmeting 160x32mm, glans nikkel, brandwerend 120 minuten","1160161","dict"
"46.50","Onzichtbaar scharnier, 3D, type Hide 160-120, afmeting 160x32mm, kleur F1, brandwerend 120 minuten","1160163","dict"
"52.28","Onzichtbaar scharnier, 3D, type Hide 160-120, afmeting 160x32mm, mat nikkel, brandwerend 120 minuten","1160167","dict"
"51.18","Onzichtbaar scharnier, 3D, type Hide 160-120, afmeting 160x32mm, kleur zwart, brandwerend 120 minuten","1160165","dict"
"61.52","Onzichtbaar scharnier, 3D, type Hide 160-120, afmeting 160x32mm, inox look, brandwerend 120 minuten","1160169","dict"
"65.12","Onzichtbaar scharnier, 3D, type Hide 160-120, afmeting 160x32mm, mat chroom, brandwerend 120 minuten","1160170","dict"
"38.26","Loopslot met magneet 116-1/2 roestvaststaal","1210280","dict"
"50.02","Wc slot met magneet 116-1/2 8x78!! roestvaststaal","1210281","dict"
"52.57","D/n slot met magneet 116-1/2 pc72 roestvaststaal","1210282","dict"
"38.27","Abus cijferhangslot 180IB/50C","1382517","dict"
"104.58","DICTATOR Deurvastzetter, aluminium ZE-10, 105mm","1196457","dict"
"136.89","DICTATOR Deurvastzetter, aluminium ZE-160, slag t/m 160mm","1196459","dict"
"64.35","Deurvastzetter 60mm zilver ZE-60(ze14)","1197481","dict"
"89.98","Dictator 1000 nikkel met haak 1011","1197499","dict"
"89.98","Dictator 1000 nik. m/haak 1009","1197500","dict"
"101.54","Dictator 1100 nik. m/haak 1010","1197501","dict"
"94.36","Dictator 1200 nik. m/haak 1010","1197502","dict"
"107.27","Dictator 1400 chr. m/haak 20N 1015","1197504","dict"
"18.02","Deurveer Dictator 2500 Adjunct","1197525","dict"
"22.47","Deurveer 2600  piccolo","1197530","dict"
"93.16","DICTATOR Deuropvanger, hydraulisch Junior 140","1197565","dict"
"39.59","Deurvastzetter alum.ZE-11(ZE-25)","E230085","dict"
"86.07","Deurvastzetter alum.ZE-6 (ZE-75)","E230086","dict"
"93.67","Deurvastzetter alum.ZE-9 (ZE-90)","E230087","dict"
"329.02","Deursluiter DIREKT zwart, slag 200 mm, incl","E230156","dict"
"329.02","Deursluiter DIREKT zink, slag 200 mm, inclu","E230157","dict"
"473.49","Deursluiter DIREKT roestvaststaal, slag 200 mm, inclus","E230158","dict"
"162.95","Hawgood       m/vast geg 4242","1197536","dict"
"257.57","Hawgood roestvaststaal  4241  m/vaststell.","1197546","dict"
"62.62","Hawgood deurscharnieren nikkel 4000e m/vaststelling","1197567","dict"
"87.57","Hawgood deurscharnieren nikkel 4000d m/vaststelling","1197568","dict"
"62.62","Hawgood deurscharnieren nikkel 4500e m/vaststelling","1197569","dict"
"87.57","Hawgood deurscharnieren nikkel 4500d m/vaststelling","1197570","dict"
"70.49","Hawgood deurscharnieren messing 4000e m/vaststelling","1197571","dict"
"87.06","Hawgood deurscharnieren messing 4000d m/vaststelling","1197572","dict"
"70.49","Hawgood deurscharnieren messing 4500e m/vaststelling","1197573","dict"
"87.06","Hawgood deurscharnieren messing 4500d m/vaststelling","1197574","dict"
"14.82","Schuifdeurkom roestvaststaal recht 120x40 blind-","1216754","dict"
"23.86","Kierstandhouder roestvaststaal Tzunali SKG","1326111","dict"
"99.37","Sleutelkluis roestvaststaal Tzunali","1326113","dict"
"16.02","Leuninghouder rvs mat vlak mat m8","1326151","dict"
"16.17","Steigerbuis rvs AIS304 (A2), voor binnen gebruik,  lengte 1000mm, dia.28x2mm","1482397","dict"
"32.32","Steigerbuis rvs AIS304 (A2), voor binnen gebruik,  lengte 2000mm, dia.28x2mm","1482398","dict"
"58.62","Steigerbuis rvs AIS304 (A2), voor binnen gebruik,  lengte 3000mm, dia.28x2mm","1482399","dict"
"21.42","Steigerbuis rvs AIS304 (A2), voor binnen gebruik,  lengte 1000mm, dia.42,2x2mm","1482400","dict"
"26.50","Steigerbuis rvs AIS316 (A4), geschikt voor buiten gebruik,  lengte 1000mm, dia.28x2mm","1482404","dict"
"47.13","Steigerbuis rvs AIS304 (A2), voor binnen gebruik,  lengte 2000mm, dia.42,2x2mm","1482401","dict"
"58.08","Steigerbuis rvs AIS316 (A4), geschikt voor buiten gebruik,  lengte 2000mm, dia.28x2mm","1482405","dict"
"87.43","Steigerbuis rvs AIS316 (A4), geschikt voor buiten gebruik,  lengte 3000mm, dia.28x2mm","1482406","dict"
"34.36","Steigerbuis rvs AIS316 (A4), geschikt voor buiten gebruik,  lengte 1000mm, dia.42,4x2mm","1482407","dict"
"75.61","Steigerbuis rvs AIS316 (A4), geschikt voor buiten gebruik,  lengte 2000mm, dia.42,4x2mm","1482408","dict"
"103.09","Steigerbuis rvs AIS316 (A4), geschikt voor buiten gebruik,  lengte 3000mm, dia.42,4x2mm","1482409","dict"
"178.64","Sleutelkluis Tzunali RVS, SKG*** gecertificeerd, opbouwmontage, exclusief cilinder","1854128","dict"
"33.98","Loopslot met magneet roestvaststaal voorplaat inclusief sluitplaat","1192011","dict"
"41.13","D+N slot pc met magneet roestvaststaal voorplaat inclusief sluitplaat","1192015","dict"
"41.71","WC slot  met magneet roestvaststaal voorplaat inclusief sluitplaat","1192013","dict"
"220.22","Deurdranger TS 98 XEA RAL 9005","1190210","dict"
"99.53","Deurdranger TS 92 XEA B EN 1-4 z/arm Zilver","1190212","dict"
"336.68","Deurdranger TS 98 XEA RVS design ","1190211","dict"
"200.16","Deurdranger TS 92 XEA B EN 1-4 z/arm RVS Desi","1190214","dict"
"99.53","Deurdranger TS 92 XEA G EN 2-4 z/arm Zilver","1190215","dict"
"200.16","Deurdranger TS 92 XEA G EN 1-4 z/arm RVS Desi","1190217","dict"
"30.15","Glijarm G-N XEA RAL 9005","1190219","dict"
"68.10","Glijarm G-N XEA RVS design ","1190220","dict"
"255.35","Deurdranger TS 93 B EN 2-5 SV z/arm RVS desig","1190222","dict"
"255.35","Deurdranger TS 93 G EN 2-5 SV z/arm RVS desig","1190224","dict"
"200.16","Deurdranger TS 92 B EN 1-4 z/arm RVS Design","1190226","dict"
"200.16","Deurdranger TS 92 G EN 1-4 z/arm RVS Design","1190228","dict"
"65.16","Deurdranger TS 91 EN 3 z/arm Zilver","1190229","dict"
"65.16","Deurdranger TS 91 EN 3 z/arm Wit RAL 9016","1190230","dict"
"29.55","Glijarm G-N Contur Wit RAL 9016","1190232","dict"
"60.61","Glijarm G-N Contur RVS design","1190234","dict"
"66.05","Deurdranger TS 90-Impulse EN 3-4 RAL 9016","1190236","dict"
"233.74","Deurdranger contur ts93 g en5-7 z/arm","1190242","dict"
"214.87","Glijarm zilver 24v dc g-emf","1190405","dict"
"\2.38","Dorma inbusboutje v.glijblokje TS92/93","1190756","dict"
"52.41","DORMA Glijarm G 96 N 20 voor ITS96 din rechts","1190141","dict"
"\5.20","Kogelinkscharnier dx verzinkt afgeronde hoeken  89x89mmx3","1169045","dict"
"\5.42","Kogelinkscharnier dx verzinktafgeronde hoeken  veiligheid 89x89mmx3","1169046","dict"
"\4.59","Kogelinkscharnier dx roestvaststaal afgeronde hoeken    76x76mm","1169050","dict"
"\4.67","Kogelinkscharnier dx roestvaststaal       89x89mm","1169063","dict"
"\6.95","Kogelinkscharnier dx roestvaststaal veiligheid  89x89mmx3","1169064","dict"
"\4.60","Kogelscharn.dx re-hk rvs 76x76","1169066","dict"
"\6.26","Kogelinkscharnier dx roestvaststaal afgeronde hoeken    89x89mmx3","1169091","dict"
"\4.48","Kogelinkscharnier dx roestvaststaal afgeronde hoeken    89x89mm-","1169096","dict"
"\6.79","Kogelinkscharnier dx roestvaststaal afgeronde hoeken  veiligheid 89x89mmx3","1169097","dict"
"52.65","Kantschuif vermessing  150x25 7550pl","1169251","dict"
"61.25","Kantschuif messing  225x25 7550pl","1169253","dict"
"51.59","Kantschuif aluminium  150x25 7550as","1169243","dict"
"60.05","Kantschuif aluminium  225x25 7550as","1169259","dict"
"25.19","Tonrolsnapper roestvaststaal          50mm","1169288","dict"
"10.22","Raamuitzetter 300mm. roestvaststaal/grijs","1255150","dict"
"16.21","Raamuitzetter wegdr.baar   roestvaststaal","1255170","dict"
"31.58","Fischer Fixtainer Duopower (zonder schroeven)","1138951","dict"
"39.12","Fischer Fixtainer Duopower (met schroeven)","1138952","dict"
"23.98","Fischer Fixtainer SX plug (zonder schroeven)","1138953","dict"
"25.18","Fischer Fixtainer SX plug (met schroeven)","1138954","dict"
"35.11","Fischer Fixtainer Duopower en Duotec","1138955","dict"
"30.81","Fischer Fixtainer Duopower kort / lang","1138956","dict"
"20.05","Fischer Profibox Duopower met schroeven","1138957","dict"
"15.28","Fischer Profibox Duopower zonder schroeven","1138958","dict"
"27.96","Fischer Masterbox GK met schroef/schroefhaak","1138959","dict"
"28.06","Fischer RedBox Duopower pluggen z.schroeven","1138960","dict"
"\6.20","Fischer plug SX4x20    2-3mm","1137479","dict"
"28.84","Fischer Tuimelplug met haak verzinkt KDH 4","1137660","dict"
"32.66","Holle wandplug hm 4x32","1137781","dict"
"41.36","Holle wandplug   hm 5x65s","1137783","dict"
"\8.57","Fischer plug ux8 DHZ","1138631","dict"
"\7.79","Fischer plug ux10 DHZ","1138632","dict"
"\6.38","Fischer plug ux6r DHZ","1138635","dict"
"\7.83","Fischer plug ux10r DHZ","1138637","dict"
"12.49","Fischer universeelplug ux 6x50r","1138649","dict"
"\1.63","Fischer duotec hollew.plug 12","1138896","dict"
"\4.59","Fischer plug Duopower 5x25mm","1138901","dict"
"\7.36","Fischer plug Duopower 6x30mm","1138902","dict"
"10.14","Fischer plug Duopower 8x40mm","1138903","dict"
"\9.86","Fischer plug Duopower 10x50mm","1138904","dict"
"13.04","Fischer plug Duopower 6x50mm","1138915","dict"
"\8.70","Fischer plug Duopower 8x65mm","1138916","dict"
"\8.02","Fischer plug Duopower 10x80mm","1138917","dict"
"\7.32","Fischer plug Duopower 12x60mm","1138918","dict"
"12.14","Fischer plug Duopower 14x70mm","1138919","dict"
"\9.12","Fischer plug Duopower 5x25mm met schroef","1138921","dict"
"10.48","Fischer plug Duopower 6x30mm met schroef","1138922","dict"
"16.40","Fischer plug Duopower 10x50mm met schroef","1138924","dict"
"15.62","Fischer plug Duopower 8x40mm met schroef","1138923","dict"
"22.14","Fischer plug Duopower 6x50mm met schroef","1138935","dict"
"15.32","Fischer plug Duopower 8x65mm met schroef","1138936","dict"
"11.11","Fischer plug Duopower 10x80mm met schroef","1138937","dict"
"10.49","Fischer plug Duopower 12x60mm met schroef","1138938","dict"
"15.36","Fischer plug Duopower 14x70mm met schroef","1138939","dict"
"20.79","Gipsplaatplug Duoblade zelfb.44x50mm","1138941","dict"
"17.89","Gipsplaatplug Duoblade zelfb.m.schr.44x50mm","1138942","dict"
"\3.55","Bevestigingset rozetten ASL t.b.v. deurdikte 39-58mm voor draaigarnituren","1192200","dict"
"\3.55","Bevestigingset rozetten ASL t.b.v. deurdikte 59-78mm voor draaigarnituren","1192201","dict"
"\3.90","Bevestigingset kortschilden ASL t.b.v. deurdikte 59-78mm voor draaigarnituren","1192203","dict"
"\3.90","Bevestigingset langschilden ASL t.b.v. deurdikte 39-58mm voor draaigarnituren","1192204","dict"
"\3.90","Bevestigingset langschilden ASL t.b.v. deurdikte 59-78mm voor draaigarnituren","1192205","dict"
"\3.55","Bevestigingset rozetten ASL t.b.v. deurdikte 39-58mm voor wisselgarnituren","1192206","dict"
"\3.55","Bevestigingset rozetten ASL t.b.v. deurdikte 59-78mm voor wisselgarnituren","1192207","dict"
"\3.90","Bevestigingset kortschilden ASL t.b.v. deurdikte 39-58mm voor wisselgarnituren","1192208","dict"
"\3.90","Bevestigingset langschilden ASL t.b.v. deurdikte 39-58mm voor wisselgarnituren","1192210","dict"
"\3.90","Bevestigingset kortschilden ASL t.b.v. deurdikte 59-78mm voor wisselgarnituren","1192209","dict"
"\3.90","Bevestigingset langschilden ASL t.b.v. deurdikte 59-78mm voor wisselgarnituren","1192211","dict"
"\3.55","Bevestigingset rozetten ASL t.b.v. deurdikte 39-58mm voor toilet-/badkamergarnituren","1192212","dict"
"\3.55","Bevestigingset rozetten ASL t.b.v. deurdikte 59-78mm voor toilet-/badkamergarnituren","1192213","dict"
"\3.90","Bevestigingset kortschilden ASL t.b.v. deurdikte 39-58mm voor toilet-/badkamergarnituren","1192214","dict"
"\3.90","Bevestigingset kortschilden ASL t.b.v. deurdikte 59-78mm voor toilet-/badkamergarnituren","1192215","dict"
"\3.90","Bevestigingset langschilden ASL t.b.v. deurdikte 39-58mm voor toilet-/badkamergarnituren","1192216","dict"
"\3.90","Bevestigingset langschilden ASL t.b.v. deurdikte 59-78mm voor toilet-/badkamergarnituren","1192217","dict"
"18.25","Deurkruk gatdeel ASL aluminium F1 type 1023","1192218","dict"
"41.65","Deurkruk gatdeel ASL roestvaststaal type 1023","1192219","dict"
"16.26","Deurkruk gatdeel ASL aluminium F1 type 1075","1192220","dict"
"36.99","Deurkruk gatdeel ASL roestvaststaal type 1075","1192221","dict"
"20.27","Deurkruk gatdeel ASL aluminium F1 type 1076","1192222","dict"
"41.65","Deurkruk gatdeel ASL roestvaststaal type 1076","1192223","dict"
"15.48","Deurkruk gatdeel ASL aluminium F1 type 1080","1192224","dict"
"33.11","Deurkruk gatdeel ASL roestvaststaal type 1080","1192225","dict"
"87.28","Deurkrukgarnituurm/ronde rozet roestvaststaal ASL 1075 t.b.v. deurdikte 39-58mm","1192226","dict"
"96.23","Deurkrukgarnituurm/ronde rozet roestvaststaal ASL 1076 t.b.v. deurdikte 39-58mm","1192227","dict"
"82.73","Deurkrukgarnituurm/ronde rozet roestvaststaal ASL 1080 t.b.v. deurdikte 39-58mm","1192228","dict"
"26.77","Langschild rechthoekig ASL aluminium F1 blind","1192229","dict"
"30.29","Langschild rechthoekig ASL roestvaststaal blind","1192230","dict"
"25.52","Langschild rechthoekig ASL aluminium F1 PC72","1192231","dict"
"29.04","Langschild rechthoekig ASL roestvaststaal PC72","1192232","dict"
"29.04","Langschild rechthoekig ASL roestvaststaal PC55","1192234","dict"
"25.52","Langschild rechthoekig ASL aluminium F1 PC55","1192233","dict"
"25.52","Langschild rechthoekig ASL aluminium F1 SL56","1192235","dict"
"79.78","Langschildgarnituur rechthoekig ASL aluminium F1 WC8x72","1192236","dict"
"103.98","Langschildgarnituur rechthoekig ASL roestvaststaal WC8x72","1192237","dict"
"103.98","Langschildgarnituur rechthoekig ASL roestvaststaal WC8x63","1192239","dict"
"79.78","Langschildgarnituur rechthoekig ASL aluminium F1 WC8x63","1192238","dict"
"26.77","Langschild afgerond ASL aluminium F1 blind","1192240","dict"
"30.29","Langschild afgerond ASL roestvaststaal blind","1192241","dict"
"25.52","Langschild afgerond ASL aluminium F1 PC72","1192242","dict"
"29.04","Langschild afgerond ASL roestvaststaal PC72","1192243","dict"
"25.52","Langschild afgerond ASL aluminium F1 PC55","1192244","dict"
"29.04","Langschild afgerond ASL roestvaststaal PC55","1192245","dict"
"25.52","Langschild afgerond ASL aluminium F1 SL56","1192246","dict"
"79.78","Langschildgarnituur afgerond ASL aluminium F1 WC8x72","1192247","dict"
"103.98","Langschildgarnituur afgerond ASL roestvaststaal WC8x72","1192248","dict"
"79.78","Langschildgarnituur afgerond ASL aluminium F1 WC8x63","1192249","dict"
"103.98","Langschildgarnituur afgerond ASL roestvaststaal WC8x63","1192250","dict"
"24.93","Kortschild rechthoekig ASL roestvaststaal blind","1192252","dict"
"20.74","Kortschild rechthoekig ASL aluminium F1 PC72","1192253","dict"
"22.00","Kortschild rechthoekig ASL aluminium F1 blind","1192251","dict"
"23.69","Kortschild rechthoekig ASL roestvaststaal PC72","1192254","dict"
"20.74","Kortschild rechthoekig ASL aluminium F1 PC55","1192255","dict"
"23.69","Kortschild rechthoekig ASL roestvaststaal PC55","1192256","dict"
"20.74","Kortschild rechthoekig ASL aluminium F1 SL56","1192257","dict"
"69.25","Kortschildgarnituurrechthoekig ASL aluminium F1 WC8x72","1192258","dict"
"92.18","Kortschildgarnituur rechthoekig ASL roestvaststaal WC8x72","1192259","dict"
"69.25","Kortschildgarnituurrechthoekig ASL aluminium F1 WC8x63","1192260","dict"
"92.18","Kortschildgarnituur rechthoekig ASL roestvaststaal WC8x63","1192261","dict"
"22.00","Kortschild afgerond ASL aluminium F1 blind","1192262","dict"
"24.93","Kortschild afgerond ASL roestvaststaal blind","1192263","dict"
"20.74","Kortschild afgerond ASL aluminium F1 PC72","1192264","dict"
"23.69","Kortschild afgerond ASL roestvaststaal PC72","1192265","dict"
"20.74","Kortschild afgerond ASL aluminium F1 PC55","1192266","dict"
"23.69","Kortschild afgerond ASL roestvaststaal PC55","1192267","dict"
"20.74","Kortschild afgerond ASL aluminium F1 SL56","1192268","dict"
"69.25","Kortschildgarnituurafgerond ASL aluminium F1 WC8x72","1192269","dict"
"92.18","Kortschildgarnituur afgerond ASL roestvaststaal WC8x72","1192270","dict"
"69.25","Kortschildgarnituurafgerond ASL aluminium F1 WC8x63","1192271","dict"
"92.18","Kortschildgarnituur afgerond ASL roestvaststaal WC8x63","1192272","dict"
"18.36","Krukrozet vierkant ASL roestvaststaal","1192273","dict"
"78.41","Toilet-/badkamerrozet vierkant ASL roestvaststaal","1192275","dict"
"\6.00","Krukrozet rond ASL aluminium F1","1192276","dict"
"10.51","Krukrozet rond ASL roestvaststaal","1192277","dict"
"26.22","Toilet-/badkamerrozet rond ASL aluminium F1","1192280","dict"
"49.46","Toilet-/badkamerrozet rond ASL roestvaststaal","1192281","dict"
"35.42","Knopschild bolmodel afgerond ASL aluminium F1 blind","1192282","dict"
"72.20","Knopschild bolmodel afgerond ASL roestvaststaal blind","1192283","dict"
"36.02","Knopschild bolmodel afgerond ASL aluminium F1 PC72","1192284","dict"
"71.50","Knopschild bolmodel afgerond ASL roestvaststaal PC72","1192285","dict"
"30.21","Knopschild platmodel rechthoekig ASL aluminium F1 blind","1192286","dict"
"62.67","Knopschild platmodel rechthoekig ASL roestvaststaal blind","1192287","dict"
"30.87","Knopschild platmodel rechthoekig ASL aluminium F1 PC72","1192288","dict"
"61.99","Knopschild platmodel rechthoekig ASL roestvaststaal PC72","1192289","dict"
"32.90","Knopschild bolmodel afgerond ASL aluminium F1 blind","1192290","dict"
"66.96","Knopschild bolmodel afgerond ASL roestvaststaal PC72","1192293","dict"
"32.44","Knopschild bolmodel afgerond ASL aluminium F1 PC72","1192292","dict"
"67.64","Knopschild bolmodel afgerond ASL roestvaststaal blind","1192291","dict"
"33.84","Knopschild platmodel rechthoekig ASL aluminium F1 blind","1192294","dict"
"67.18","Knopschild platmodel rechthoekig ASL roestvaststaal blind","1192295","dict"
"34.12","Knopschild platmodel rechthoekig ASL aluminium F1 PC72","1192296","dict"
"66.53","Knopschild platmodel rechthoekig ASL roestvaststaal PC72","1192297","dict"
"55.36","Deurknop platmodel vast op rozet ASL roestvaststaal","1192301","dict"
"60.39","Deurknop bolmodel vast op rozet ASL roestvaststaal","1192299","dict"
"22.02","Deurknop platmodel vast op rozet ASL aluminium F1","1192300","dict"
"24.67","Deurknop bolmodel vast op rozet ASL aluminium F1","1192298","dict"
"21.01","Deurkrukhandvat voor bevestiging aan deurkrukken, te bedienen door middel van onderarmbediening","1192328","dict"
"33.76","Cilinderrozet vierkant ASL PC roestvaststaal","1192274","dict"
"\9.89","Cilinderozet rond ASL PC aluminium F1","1192278","dict"
"17.42","Cilinderozet rond ASL PC roestvaststaal","1192279","dict"
"16.84","Cil.rozet rond ASL PC rvs m.bevest.mat.39-58","1192305","dict"
"46.52","WC-rozet rond ASL PC rvs m.bevest.mat.39-58","1192306","dict"
"55.76","WC-rozet rond ASL not rvs m.bevest.mat.39-58","1192307","dict"
"20.84","Projectslot met magneetschoot dag- & nacht pc72, afgeronde voorplaat roestvaststaal afmeting 235x20x3mm, doornmaat=60mm, schoot is omkeerbaar","1226401","dict"
"19.47","Projectslot met magneetschoot loopfunctie, afgeronde voorplaat roestvaststaal afmeting 235x20x3mm, doornmaat=60mm, schoot is omkeerbaar","1226402","dict"
"20.85","Projectslot met magneetschoot vrij/bezet pc72, afgeronde voorplaat roestvaststaal afmeting 235x20x3mm, doornmaat=60mm, schoot is omkeerbaar","1226403","dict"
"\4.42","Sluitplaat tbv magneet projectslot dag- en nacht-/ wc-slot","1226407","dict"
"\3.75","Sluitplaat tbv magneet projectslot loop slot","1226408","dict"
"19.99","Projectslot dag- & nacht met driedelige zwengelschoot, PC72, CE, afgeronde voorplaat roestvaststaal afmeting 235x20x3mm, doornmaat=60mm, schoot is omkeerbaar","1226420","dict"
"18.05","Projectslot dag- & nacht PC72, CE, afgeronde voorplaat roestvaststaal afmeting 235x20x3mm, doornmaat=60mm, schoot is omkeerbaar","1226421","dict"
"18.59","Project loopslot met driedelige zwengelschoot, afgeronde voorplaat roestvaststaal afmeting 235x20x3mm, doornmaat=60mm, schoot is omkeerbaar","1226422","dict"
"17.16","Project loopslot, afgeronde voorplaat roestvaststaal afmeting 235x20x3mm, doornmaat=60mm, schoot is omkeerbaar","1226423","dict"
"17.13","Project kastslot met cilinder sparing, afgeronde voorplaat roestvaststaal afmeting 235x20x3mm, doornmaat=60mm, schoot is omkeerbaar","1226424","dict"
"19.96","Projectslot vrij- en bezet 8x72 met driedelige zwengelschoot, afgeronde voorplaat roestvaststaal afmeting 235x20x3mm, doornmaat=60mm, schoot is omkeerbaar","1226425","dict"
"18.80","Projectslot vrij- en bezet 8x72, afgeronde voorplaat roestvaststaal afmeting 235x20x3mm, doornmaat=60mm, schoot is omkeerbaar","1226426","dict"
"19.38","Rolschootslot PC72, afgeronde voorplaat roestvaststaal afmeting 235x20x3mm, doornmaat=60mm, schoot is omkeerbaar","1226427","dict"
"23.52","Project centraalslot, dagschoot zelfsluitend, afgeronde voorplaat roestvaststaal afmeting 235x20x3mm, doornmaat=60mm, schoot is omkeerbaar","1226428","dict"
"29.81","Project centraalslot met driedelige zwengelschoot, dagschoot zelfsluitend, din links, afgeronde voorplaat roestvaststaal afmeting 235x20x3mm, doornmaat=60mm","1226429","dict"
"29.81","Project centraalslot met driedelige zwengelschoot, dagschoot zelfsluitend, din rechts, afgeronde voorplaat roestvaststaal afmeting 235x20x3mm, doornmaat=60mm","1226430","dict"
"19.77","Project centraalslot, afgeronde voorplaat roestvaststaal afmeting 235x20x3mm, doornmaat=60mm, schoot is omkeerbaar","1226431","dict"
"\1.52","Sluitplaat roestvaststaal met lip zelfsluitende dagschoot din 118x40x1,5","1226457","dict"
"\3.24","Sluitplaat roestvaststaal afgerond met lip tbv project dag- & nacht/WC slot","1226458","dict"
"\1.94","Sluitplaat roestvaststaal afgerond met lip tbv project loopslot","1226459","dict"
"\2.32","Sluitplaat roestvaststaal afgerond tbv project kastslot","1226460","dict"
"11.54","Wc-rozet rond roestvaststaal voor deurdikte 37-42mm","1226513","dict"
"13.55","Deurspion ø14mm met afsluitklepje, zichthoek 180⁰, voor 90 minuten brandwerende deuren, deurdikte 35-58mm, massief staal verchroomd","1226801","dict"
"13.14","Deurspion ø14mm met afsluitklepje, zichthoek 200⁰, voor deurdikte 35-60mm, messing verchroomd","1226805","dict"
"13.90","Deurspion ø14mm met afsluitklepje, zichthoek 200⁰, voor deurdikte 35-60mm, kleur zwart","1226815","dict"
"10.85","Deurspion ø14mm met afsluitklepje, zichthoek 180⁰, voor 90 minuten brandwerende deuren, deurdikte 35-58mm, massief staal , roestvaststaal","1226821","dict"
"\8.18","Deurspion ø14mm met afsluitklepje, zichthoek 200⁰, voor deurdikte 35-60mm, roestvaststaal","1226825","dict"
"11.36","Raamkruk met stift 32mm voor draaivalbeslag, zwart, niet afsluitbaar","4953972","dict"
"19.37","Raamkruk afsluitbaar met stift 32mm voor draaivalbeslag, zwart, afsluitbaar, SKG","4953974","dict"
"18.34","Deurkruk, vast/draaibaar geveerd, L-model afgerond, roestvaststaal, op ronde rozet voor deurdikte 37-42mm EN1906-4","1226505","dict"
"18.34","Deurkruk, vast/draaibaar geveerd, L-model haaks, roestvaststaal, op ronde rozet voor deurdikte 37-42mm EN1906-4","1226506","dict"
"19.94","Deurkruk, vast/draaibaar geveerd, D-model, roestvaststaal, op ronde rozet voor deurdikte 37-42mm EN1906-4","1226507","dict"
"19.14","Deurkruk, vast/draaibaar geveerd, Curve model, roestvaststaal, op ronde rozet voor deurdikte 37-42mm EN1906-4","1226508","dict"
"28.16","Deurkruk, vast/draaibaar geveerd, Coupe model, roestvaststaal, op ronde rozet voor deurdikte 37-42mm EN1906-4","1226509","dict"
"\6.29","Cilinderrozet rond roestvaststaal voor deurdikte 37-42mm met cilindergatsparing","1226511","dict"
"\4.72","Afdekrozet rond roestvaststaal voor deurdikte 37-42mm ","1226514","dict"
"29.92","Deurkrukgarn.alum.L-model F1 afgerond blind","1226651","dict"
"29.92","Deurkrukgarn.alum.L-model F1 afgerond PC72","1226652","dict"
"29.92","Deurkrukgarn.alum.L-model F1 afgerond PC55","1226653","dict"
"40.21","Deurkrukgarn.alum.L-model F1 afger.WC 8x63 RS","1226656","dict"
"33.24","Knop-/krukgarn.alum.L-model F1 afger.PC72 RS","1226658","dict"
"33.24","Knop-/krukgarn.alum.L-model F1 afger.PC72 LS","1226659","dict"
"33.24","Knop-/krukgarn.alum.L-model F1 afger.PC55 RS","1226660","dict"
"33.24","Knop-/krukgarn.alum.L-model F1 afger.PC55 LS","1226661","dict"
"108.80","Geze deurdranger Ts3000V zwart zonder glijarm","1184003","dict"
"27.04","Geze glijarm zwart voor deurdranger Ts3000V","1184004","dict"
"\5.19","Eindstop Rollan 40/80 m.openhoudfunctie","1184769","dict"
"472.11","GEZE Deurdranger met vrijloop glijarm TS5000-EFS voor kopmontage","1184912","dict"
"193.87","Deurdranger zonder glijarm   ts5000.","1184917","dict"
"193.87","Deurdranger zonder glijarm  ts5000L.","1184924","dict"
"22.80","Mechanische openingsbegrenzer ts3000/5001","1184957","dict"
"33.01","Blokkeerinrichting ts3000/5001","1184959","dict"
"144.69","ActiveStop deurdemper voor opbouw montage, zilverkleur, voor houten deuren","1185038","dict"
"144.69","ActiveStop deurdemper voor opbouw montage, kleur wit, voor houten deuren","1185039","dict"
"144.69","ActiveStop deurdemper voor opbouw montage, roestvasstaal look, voor houten deuren","1185040","dict"
"144.69","ActiveStop deurdemper voor opbouw montage, zwart, voor houten deuren","1185041","dict"
"144.69","ActiveStop deurdemper voor opbouw montage, zilverkleur, voor glazen deuren","1185044","dict"
"144.69","ActiveStop deurdemper voor opbouw montage,kleur wit, voor glazen deuren","1185045","dict"
"144.69","ActiveStop deurdemper voor opbouw montage, roestvaststaal look, voor glazen deuren","1185046","dict"
"126.26","ActiveStop deurdemper voor inbouw montage, zilverkleur, voor houten deuren","1185049","dict"
"78.67","Draailager voor T-glijrail opbouw (exclusief glijrail)","1185053","dict"
"137.40","Geze ontvanger module WRM-24","1185297","dict"
"2109.20","Geze draaideurautomaat EMD-F glijarm trekkend","1185301","dict"
"2189.13","Geze aandrijfing slimdr. EMD-F knikarm duwend","1185302","dict"
"1167.81","Geze Laserscan beveiliging GC342 Kit zwart","1185303","dict"
"137.40","Geze ontvanger module WRM-24","1185306","dict"
"79.85","Geze RF zendmodule tbv inbouw WTM","1185307","dict"
"88.84","Geze RF handzender 2-kanaals WTH2","1185308","dict"
"50.11","Geze sleutelschakelaar opbouw SCT221","1185309","dict"
"50.11","Geze sleutelschakelaar inbouw SCT221","1185310","dict"
"53.92","Compleet schuifdeursysteem Geze Rollan 40 NT, totale lengte rail 1650mm, geschikt voor deuren van 500 t/m 840 mm","1185413","dict"
"56.83","Compleet schuifdeursysteem Geze Rollan 40 NT, totale lengte rail 1800mm, geschikt voor deuren van 500 t/m 920 mm","1185414","dict"
"60.17","Compleet schuifdeursysteem Geze Rollan 40 NT, totale lengte rail 1900mm, geschikt voor deuren van 500 t/m 970 mm","1185415","dict"
"66.54","Compleet schuifdeursysteem Geze Rollan 40 NT, totale lengte rail 2350mm, geschikt voor deuren van 500 t/m 1190 mm","1185416","dict"
"75.40","Compleet schuifdeursysteem Geze Rollan 40 NT, totale lengte rail 2800mm, geschikt voor deuren van 500 t/m 1420 mm","1185417","dict"
"72.89","Compleet schuifdeursysteem Geze Rollan 80 NT, totale lengte rail 1650mm, geschikt voor deuren van 500 t/m 840 mm","1185423","dict"
"77.28","Compleet schuifdeursysteem Geze Rollan 80 NT, totale lengte rail 1800mm, geschikt voor deuren van 500 t/m 920 mm","1185424","dict"
"78.75","Compleet schuifdeursysteem Geze Rollan 80 NT, totale lengte rail 1900mm, geschikt voor deuren van 500 t/m 970 mm","1185425","dict"
"87.43","Compleet schuifdeursysteem Geze Rollan 80 NT, totale lengte rail 2350mm, geschikt voor deuren van 500 t/m 1190 mm","1185426","dict"
"91.45","Compleet schuifdeursysteem Geze Rollan 80 NT, totale lengte rail 2800mm, geschikt voor deuren van 500 t/m 1420 mm","1185427","dict"
"100.91","Compleet schuifdeursysteem Geze Rollan 80 NT, totale lengte rail 3250mm, geschikt voor deuren van 500 t/m 1640 mm","1185428","dict"
"45.76","Softstop tbv Geze Rollan 80 NT tot 40kg","1185431","dict"
"17.35","Toebehorenset Rollan 40 NT voor plafondmontage","1185435","dict"
"25.42","Toebehorenset Rollan 40 NT voor wandmontage 500 - 1100 mm","1185437","dict"
"29.97","Toebehorenset Rollan 40 NT voor wandmontage 1100 - 1500 mm","1185438","dict"
"34.61","Toebehorenset Rollan 80 NT voor plafondmontage","1185442","dict"
"42.89","Toebehorenset Rollan 80 NT voor wandmontage 500 - 1100 mm","1185444","dict"
"47.46","Toebehorenset Rollan 80 NT voor wandmontage 1100 - 1500 mm","1185445","dict"
"19.87","Verstelbare ondergeleider voor glasdeuren van 8 t/m 12 mm","1185455","dict"
"112.24","Set glasklemplaten zilverkleur EV1 30mm, voor glazen deuren","1185453","dict"
"117.65","Drangerset Ts3000V+glijarm ts3000+mont.pl.","1184000","dict"
"238.02","Geze bewegingsradar GC 302 R","1185304","dict"
"\5.09","Hafele druksnapper kort","1169111","dict"
"\1.16","Hafele adapterplaat kort","1169112","dict"
"\1.16","Hafele adapterplaat lang","1169113","dict"
"\0.02","Afdekkap Minifix 12 PZ  wit","1414107","dict"
"\0.24","Hoekverbinder met kap donkerbruin","1414110","dict"
"\0.24","Hoekverbinder met kap wit","1414111","dict"
"\0.29","Hoekverbinder mini kap donkerbruin","1414112","dict"
"\0.30","Hoekverbinder mini met kap wit","1414113","dict"
"\0.97","Huisje Rafix SE vni 20/w/19m","1414117","dict"
"\0.15","Glasschapdrager verz./transp. 7/5mm","1414121","dict"
"\0.10","Plankdrager staal vernikkeld 5mm","1414122","dict"
"\0.06","Plankdrager staal verzinkt 5/5mm","1414123","dict"
"\3.36","Kastophanger vernikkeld links","1414125","dict"
"\7.32","Plankdrager met aanschroefplaat","1414124","dict"
"\3.36","Kastophanger vernikkeld rechts","1414126","dict"
"\1.04","Bevest.plaat kastophanger st vzi  110mm","1414127","dict"
"\6.09","Bedbeslag staal gechr. 100mm","1414120","dict"
"98.54","Postkast 2500 zwart/rvs","1852425","dict"
"200.71","Brievenbus System Grachtengroen. Een postkast voor vrijstaande of wandmontage.","1852431","dict"
"363.71","Postkast allux pc2 alu. ac","1852429","dict"
"61.71","Brievenbus Allux 100, wit voor wand- en vrijstaande montage.","E240001","dict"
"61.71","Brievenbus Allux 100, rood voor wand- en vrijstaande montage.","E240005","dict"
"74.67","Brievenbus Allux 200, verzinkt voor wand- en vrijstaande montage.","E240006","dict"
"74.67","Brievenbus Allux 200, wit voor wand- en vrijstaande montage.","E240007","dict"
"74.67","Brievenbus Allux 200, groen voor wand- en vrijstaande montage.","E240008","dict"
"74.67","Brievenbus Allux 200, zwart voor wand- en vrijstaande montage.","E240009","dict"
"74.67","Brievenbus Allux 200, blauw voor wand- en vrijstaande montage.","E240010","dict"
"74.67","Brievenbus Allux 200, rood voor wand- en vrijstaande montage.","E240011","dict"
"70.69","Brievenbus Allux LT150, verzinkt voor wand- en vrijstaande montage.","E240012","dict"
"73.68","Brievenbus Allux LT150, antraciet voor wand- en vrijstaande montage.","E240014","dict"
"73.68","Brievenbus Allux LT150, wit voor wand- en vrijstaande montage.","E240013","dict"
"73.68","Brievenbus Allux LT150, zwart voor wand- en vrijstaande montage.","E240015","dict"
"98.63","Brievenbus Allux 5000 Verzinkt","E240016","dict"
"124.87","Brievenbus Allux 5000 wit, een design brievenbus ","E240017","dict"
"124.87","Brievenbus Allux 5000 antraciet, een design brievenbus ","E240018","dict"
"124.87","Brievenbus Allux 5000 zwart, een design brievenbus ","E240019","dict"
"147.50","Brievenbus Allux LT200 wit, een ruime en solide brievenbus.","E240021","dict"
"147.50","Brievenbus Allux LT200 zwart, een ruime en solide brievenbus.","E240022","dict"
"323.01","Brievenbus Allux PC22, een aluminium, solide en ruime brievenbus.","E240023","dict"
"180.06","Brievenbus Allux 3000 Zwart/roestvaststaal","E240025","dict"
"171.01","Brievenbus KS200 verzinkt heeft een design voorkomen en solide bouw.","E240026","dict"
"189.12","Brievenbus KS200 wit heeft een design voorkomen en solide bouw.","E240027","dict"
"189.12","Brievenbus KS200 antraciet heeft een design voorkomen en solide bouw.","E240028","dict"
"189.12","Brievenbus KS200 zwart heeft een design voorkomen en solide bouw.","E240029","dict"
"320.31","Brievenbus Allux 800 verzinkt, grote postzuil met ruimte en inworp voor pakketten. Verkrijgbaar in 5 kleuren.","E240030","dict"
"326.64","Brievenbus Allux 800 wit, grote postzuil met ruimte en inworp voor pakketten. Verkrijgbaar in 5 kleuren.","E240031","dict"
"326.64","Brievenbus Allux 800 zwart, grote postzuil met ruimte en inworp voor pakketten. Verkrijgbaar in 5 kleuren.","E240033","dict"
"348.33","Brievenbus Allux 820 verzinkt, grote postzuil met ruimte en inworp voor pakketten. Verkrijgbaar in 5 kleuren.","E240040","dict"
"280.49","Brievenbus Allux Grundform zwart/wit, modern design, ruime brievenbus. Verkrijgbaar in 7 uitvoeringen.","E240046","dict"
"340.20","Brievenbus Allux Grundform zwart/rvs, modern design, ruime brievenbus. Verkrijgbaar in 7 uitvoeringen.","E240047","dict"
"280.49","Brievenbus Allux Grundform zwart/lichtgroen, modern design, ruime brievenbus. Verkrijgbaar in 7 uitvoeringen.","E240048","dict"
"279.58","Brievenbus Allux Grundform zwart, modern design, ruime brievenbus. Verkrijgbaar in 7 uitvoeringen.","E240049","dict"
"234.34","Brievenbus Allux Grundform zwart/lichtblauw, modern design, ruime brievenbus. Verkrijgbaar in 7 uitvoeringen.","E240050","dict"
"234.34","Brievenbus Allux Grundform zwart/oranje, modern design, ruime brievenbus. Verkrijgbaar in 7 uitvoeringen.","E240051","dict"
"348.35","Brievenbus Ellipse. Een modern en stijlvol design brievenbus. Uitvoering verzinkt.","E240052","dict"
"438.84","Brievenbus Ellipse. Een modern en stijlvol design brievenbus. Uitvoering roestvaststaal.","E240053","dict"
"560.06","Brievenbus Ellipse. Een modern en stijlvol design brievenbus. Uitvoering roodkoper.","E240054","dict"
"135.74","Brievenbus standaard Allux 1001 verzinkt.","E240055","dict"
"163.77","Brievenbus standaard Allux 1001 wit.","E240056","dict"
"194.53","Brievenbus standaard Allux 1001 zwart/rvs.","E240057","dict"
"163.77","Brievenbus standaard Allux 1001 zwart.","E240058","dict"
"91.57","Brievenbus standaard Allux 1005 verzinkt.","E240059","dict"
"99.51","Brievenbus standaard Allux 1005 wit.","E240060","dict"
"99.51","Brievenbus standaard Allux 1005 zwart.","E240061","dict"
"95.01","Post opvangkast Wit","E240063","dict"
"95.01","Post opvangkast Groen","E240064","dict"
"95.01","Post opvangkast Zwart","E240065","dict"
"63.71","Brievenbus standaard Allux 1003 verzinkt.","E240066","dict"
"66.66","Brievenbus standaard Allux 1003 wit.","E240067","dict"
"66.66","Brievenbus standaard Allux 1003 zwart.","E240068","dict"
"236.16","pakket/postkast 600 verzinkt","E240069","dict"
"246.10","pakket/postkast 600 zwart","E240070","dict"
"219.87","brievenbus 7000 geg.","E240071","dict"
"239.77","brievenbus 7000 geg./zwart","E240072","dict"
"239.77","brievenbus 7000 wit","E240073","dict"
"460.55","brievenbus 7000 koper","E240074","dict"
"288.63","brievenbus 7000 rvs/zwart","E240075","dict"
"","","","dict"
"239.77","brievenbus 7000 zwart","E240076","dict"
"123.55","Schuifdeurbeslag Rustic zwart 2000mm R80/20.","1399400","dict"
"155.04","Schuifdeurbeslag Rustic zwart 3000mm R80/30.","1399401","dict"
"63.48","Double Top compleet schuifdeurbeslag voor kast- en garderobe deuren kastdeur 45kg w12eu","1399651","dict"
"73.87","Double Top compleet schuifdeurbeslag voor kast- en garderobe deuren kastdeur 45kg w15eu","1399652","dict"
"82.82","Double Top compleet schuifdeurbeslag voor kast- en garderobe deuren kastdeur 45kg w18eu","1399653","dict"
"99.33","Double Top compleet schuifdeurbeslag voor kast- en garderobe deuren kastdeur 45kg w24eu","1399654","dict"
"14.21","Double top kastdeur 27kg   dt2","1399655","dict"
"121.12","Double top kastdeur 45kg w30eu","1399656","dict"
"42.50","Single top kastd.45kg st12 /eu","1399671","dict"
"47.95","Single top kastd.45kg st15 /eu","1399672","dict"
"54.58","Single top kastd.45kg st18 /eu","1399673","dict"
"50.03","Slipper kastdeur   12kg ss5/eu","1399682","dict"
"57.58","Slipper kastdeur   12kg ss6/eu","1399683","dict"
"\3.82","Leuninghouder 75 hol m8 3506-01","1313120","dict"
"\3.19","Hermeta leuninghouder hol opschroevend zwart 3552-18","1314688","dict"
"\3.19","Hermeta leuninghouder vlak opschroevend zwart 3550-18","1314696","dict"
"\4.55","Hermeta leuninghouder vlak m8 zwart 3503-70","1314695","dict"
"\3.09","Hermeta leuninghouder vlak m8 zwart 3551-18","1314697","dict"
"\2.14","Jashaak zwart 0129-18","1348209","dict"
"","","","dict"
"","","","dict"
"","","","dict"
"\7.11","HOPPE Raamkruk met stift, aluminium 0710VK/U76 F1 Links","1180792","dict"
"\7.11","HOPPE Raamkruk met stift, aluminium 0710VK/U76 F1 Rechts","1180793","dict"
"13.73","Hoppe raamkr.tok.afs.7/40f1 links","1180794","dict"
"13.73","Hoppe raamkr.tok.afs.7/40f1 rechts","1180795","dict"
"\2.02","Losse stift Hoppe 8x80 voorstaand 55mm","1180798","dict"
"16.09","Spit injectiemortel C-MIX PLUS 300ml","1032667","dict"
"20.27","Habo kruk recht afsl.baar 0140-004 stift 8x40","1180750","dict"
"\9.98","Habo kruk links f1 0141-81-4","1180785","dict"
"\9.98","Habo kruk rechts f1 0141-82-4","1180786","dict"
"\1.80","Losse stift Habo 8x50mm voorstaand","1180787","dict"
"21.25","DV kruk bombardier wn recht afslb. f1 7x30","1180788","dict"
"25.40","Kubica verdekt 3D instelbaar, onzichtbaar  scharnier voor binnendeuren K6200, mat chroom","1169001","dict"
"25.40","Kubica verdekt 3D instelbaar, onzichtbaar  scharnier voor binnendeuren K6200, mat nikkel","1169004","dict"
"14.23","Kubica verdekt 3D instelbaar, onzichtbaar  scharnier voor binnendeuren K8000 Atomika, mat chroom","1169006","dict"
"14.23","Kubica verdekt 3D instelbaar, onzichtbaar  scharnier voor binnendeuren K8000 Atomika, mat nikkel","1169007","dict"
"29.22","Kubica verdekt 3D instelbaar, onzichtbaar  scharnier voor binnendeuren K6700, mat chroom","1169010","dict"
"29.22","Kubica verdekt 3D instelbaar, onzichtbaar  scharnier voor binnendeuren K6700, mat nikkel","1169012","dict"
"32.25","Kubica K6300 3D verstelbaar, onzichtbaar scharnier  F1","E380025","dict"
"10.35","Onzichtbaar Kubica 3D verstelbaar, onzichtbaar scharnier  K6100 zwart RH-LH","E380035","dict"
"10.35","Onzichtbaar scharnier K6100 F1 RH-LH","E380036","dict"
"29.12","Kubica K7000 3D verstelbaar, onzichtbaar scharnier  zwart","E380057","dict"
"79.96","Kubica K7120 3D verstelbaar, onzichtbaar scharnier  RVS look","E380076","dict"
"91.33","Kubica K7200 3D verstelbaar, onzichtbaar scharnier  F1","E380087","dict"
"72.64","Kubica Twist / K2000 3D verstelbaar, onzichtbaar scharnier  F1","E380091","dict"
"76.46","Kubica Twist / K2000 3D verstelbaar, onzichtbaar scharnier  F2","E380092","dict"
"37.96","Kubica K3000 / Kubikuadra 3D verstelbaar, onzichtbaar scharnier  F1","E380103","dict"
"35.94","Kubica K5080 3D verstelbaar, onzichtbaar scharnier  F1","E380106","dict"
"18.03","Kubica K30 scharnier mat chroom","E380109","dict"
"32.36","Kubica K2400 scharnier mat nikkel","E380113","dict"
"36.84","Kubica K5080 scharnier mat nikkel","E380118","dict"
"18.53","Kubica K6400 scharnier mat chroom","E380120","dict"
"18.53","Kubica K6400 scharnier mat nikkel","E380122","dict"
"45.11","Kubica K7080 scharnier mat zwart","E380128","dict"
"170.44","Kinox K7316 scharnier mat rvs","E380129","dict"
"17.86","Atomika K8000 verborgen scharnier, kleur wit, 30 minuten brandwerend, 60kg draagvermogen","E380130","dict"
"16.06","Atomika K8000 verborgen scharnier, kleur zwart, 30 minuten brandwerend, 60kg draagvermogen","E380134","dict"
"20.27","Atomika K8000 onzichtbaar scharnier, kleur gepolijst chroom, 30 minuten brandwerend, 60kg draagvermogen","E380133","dict"
"26.81","Atomika K8000 onzichtbaar scharnier, kleur mat messing, 30 minuten brandwerend, 60kg draagvermogen","E380136","dict"
"17.87","Atomika K8000 verborgen scharnier, kleur mat chroom, 30 minuten brandwerend, 60kg draagvermogen","e380137","dict"
"17.87","Atomika K8000 verborgen scharnier, kleur mat nikkel/F2, 30 minuten brandwerend, 60kg draagvermogen","e380138","dict"
"17.87","Atomika Slim K8060 verborgen scharnier, kleur mat chroom/F1, 30 minuten brandwerend, 60kg draagvermogen","E380141","dict"
"18.77","Atomika Slim K8060 verborgen scharnier, kleur mat nikkel/F2, 30 minuten brandwerend, 60kg draagvermogen","e380142","dict"
"21.44","Atomika Slim K8060 verborgen scharnier, kleur zwart, 30 minuten brandwerend, 60kg draagvermogen","e380143","dict"
"21.44","Atomika Slim K8060 verborgen scharnier, kleur wit, 30 minuten brandwerend, 60kg draagvermogen","e380144","dict"
"32.43","Atomika Karakter K8080 verborgen scharnier, kleur mat chroom/F1, 60 minuten brandwerend, 80kg draagvermogen","e380151","dict"
"30.88","Atomika Karakter K8080 verborgen scharnier, kleur mat nikkel/F2, 60 minuten brandwerend, 80kg draagvermogen","e380152","dict"
"36.48","Atomika Karakter K8080 verborgen scharnier, kleur zwart, 60 minuten brandwerend, 80kg draagvermogen","e380153","dict"
"33.30","Atomika Karakter K8080 verborgen scharnier, kleur wit, 60 minuten brandwerend, 80kg draagvermogen","e380154","dict"
"456.92","Sleutelbuis roestvaststaal Kruse Push 12V met push","1854028","dict"
"456.92","Sleutelbuis roestvaststaal Kruse Push 24V met push","1854029","dict"
"162.60","Sleutelbuis roestvaststaal Kruse ARS voor PC cilinder","1854033","dict"
"171.77","Sleutelbuis roestvaststaal Kruse 70 voor PC cilinder","1854035","dict"
"169.50","Sleutelbuis roestvaststaal Kruse 70-Code met cijferslot","1854040","dict"
"10.21","Rozet rond voor sleutelbuis Kruse pc","1854055","dict"
"11.50","Rozet rond met klep voor sleutelbuis Kruse pc","1854056","dict"
"47.07","Beugel voor montage sleutelbuis aan de wand","1854058","dict"
"51.28","Houder B voor montage in spouwmuur","1854059","dict"
"252.90","Sleutelkluis roestvaststaal Kruse opbouw K3 v. cilinder","1854060","dict"
"485.37","Sleutelkluis roestvaststaal Kruse opbouw K5 v. cilinder","1854062","dict"
"78.69","Omranding sleutelkluis Kruse K3, bij inbouw","1854065","dict"
"81.12","Omranding sleutelkluis Kruse K5, bij inbouw","1854066","dict"
"37.04","Grondplaat voor sleutelkluis K3, bij inbouw","1854068","dict"
"540.28","Sleutelkluis vrijstaand Kruse Pollersafe PC","1854071","dict"
"53.66","Maco kruk-krukgarnituur F1 52mm KTB PC72***","1902081","dict"
"53.66","Maco kruk-krukgarnituur F1 52mm KTB PC92***","1902082","dict"
"61.49","Maco greep-krukgarnituur F1 52mm KTB PC 72***","1902083","dict"
"61.49","Maco greep-krukgarnituur F1 52mm KTB PC 92***","1902084","dict"
"39.53","Maco krukgarn. 52mmF1 bui.geh.BL/bin PC72","1902090","dict"
"39.91","Maco krukgarn. 52mmF1 bui.geh.BL/bin PC92","1902091","dict"
"39.91","Maco kruk-krukgarn.52mm F1 bui.BL/bin PC72","1902093","dict"
"39.91","Maco kruk-krukgarn.52mm F1 bui.BL/bin PC92","1902094","dict"
"73.77","Maco krukgarnituur 35mm rvs PC92","4477463","dict"
"82.22","Maco VD garnituur 35mm rvs PC92","4477466","dict"
"\8.75","Montageset  kruk-kruk 64-70 pro door","4477469","dict"
"\8.75","Montageset greep-kruk 64-70 pro door","4477475","dict"
"\6.96","Loopslot        1535/50 lak","1221541","dict"
"\8.20","Kastslot sl.56  1535/50 lak-","1221546","dict"
"\8.20","Kastslot pc55   1535/50 lak","1221547","dict"
"10.77","Deurslot sl.56  1535/50 lak","1221551","dict"
"\8.52","Badkamer/toil.slot 1535/50 lak","1221561","dict"
"10.07","Loopslot        1535/50 roestvaststaal","1221570","dict"
"11.57","Kastslot sl.56  1535/50 roestvaststaal","1221575","dict"
"12.17","Deurslot pc55   1535/50 roestvaststaal","1221580","dict"
"10.53","Kastslot pc55   1535/50 roestvaststaal","1221585","dict"
"11.94","Badkamer/toil.slot 1535/50 roestvaststaal","1221590","dict"
"14.52","Deurslot sl.56  1535/50 roestvaststaal","1221595","dict"
"80.78","Badkamer schuifdeurslot 55mm","1225170","dict"
"14.93","Lince Rolslot smal  5554","1209200","dict"
"\4.68","Argenta paumelle roestvaststaal 89x89mmx2,5 12mm din RS","1168289","dict"
"\4.68","Argenta paumelle roestvaststaal 89x89mmx2,5 12mm din LS","1168290","dict"
"\4.50","Argenta kogelstift paumelle roestvaststaal 89x89mmx3 16mm din links","1169029","dict"
"74.71","Proslide prof. bovenrail   4.0m alum.","1400002","dict"
"112.02","Proslide prof. bovenrail   6.0m aluminium","1400003","dict"
"36.09","Proslide prof. muurbev.   3,0m alum.","1400006","dict"
"52.93","Proslide prof. muurbev.   4,0m aluminium","1400007","dict"
"79.36","Proslide prof. muurbev.   6,0m aluminium","1400008","dict"
"56.01","Proslide prof. afdek      4,0m aluminium","1400011","dict"
"84.03","Proslide prof. afdek      6,0m aluminium","1400012","dict"
"52.83","Proslide standardfix+standaard stop (2x)","1400019","dict"
"93.32","Proslide standard-fix+stand.stop+slowstop","1400020","dict"
"124.64","Proslide standard-fix+slowstop (2x)","1400021","dict"
"61.54","Proslide manuel-fix + standaard stop (2x)","1400023","dict"
"105.37","Proslide manual-fix+standaard stop + slowstop","1400024","dict"
"138.06","Proslide manual-fix + slowstop (2x)","1400025","dict"
"73.28","Proslide autofix+stand.stop(2x)","1400028","dict"
"103.68","Proslide autofix+standaard stop+slowstop","1400029","dict"
"139.17","Proslide autofix+dubbel slowstop (2x)","1400031","dict"
"147.74","Proslide autofix+slowstop rolstelsel (2x)","1400030","dict"
"\2.06","Proslide verlengde bout M8x40","1400032","dict"
"131.73","Proslide complete kit, 2 mtr., manual fix, met 2 stuks standaard stops","1400033","dict"
"178.67","Proslide complete kit, met rail van 2 mtr, manual fix, 1x standaard stop en 1x slow stop","1400034","dict"
"\5.13","Proslide vloergeleider aluminium","1400035","dict"
"\1.83","Proslide muurbeugel","1400036","dict"
"\5.37","Proslide essi module","1400037","dict"
"37.28","Proslide parallelle garnituur hout 2D","1400038","dict"
"148.85","Proslide onzichtbaar inbouwprofiel 2 meter inclusief 1x essi-module","1400041","dict"
"183.24","Proslide onzichtbaar inbouwprofiel 3 meter inclusief 2x essi-module","1400042","dict"
"221.59","Proslide onzichtbaar inbouwprofiel 4 meter inclusief 2x essi-module","1400043","dict"
"305.57","Proslide onzichtbaar inbouwprofiel 6 meter inclusief 2x essi-module","1400044","dict"
"141.61","Proslide simultaan systeem 2 deuren","1400047","dict"
"97.55","Proslide getande riem 10m","1400048","dict"
"188.17","Proslide telescopisch systeem 2 deuren","1400050","dict"
"148.85","Proslide autofix+slowstop+slowstop zwart","1400061","dict"
"177.30","Proslide Motion getande riem 20 meter","1400073","dict"
"84.02","Proslide Motion afdekprofiel 6 meter","1400078","dict"
"48.59","Proslide prof.bovenrail 2.0m gitzwart ral9005","1400079","dict"
"72.79","Proslide prof.bovenrail 3.0m gitzwart ral9005","1400080","dict"
"97.09","Proslide prof.bovenrail 4.0m gitzwart ral9005","1400081","dict"
"\1.69","Proslide clips 100mm voor deurdikte","1400089","dict"
"44.16","Magnotica magneet deursluiter grijs 70000088","1400093","dict"
"44.16","Magnotica magneet deursluiter zwart 70000090","1400094","dict"
"44.16","Magnotica magneet deursluiter wit 70000091","1400095","dict"
"38.60","Magnotica Pro magnetische deursluiter zwart","1400098","dict"
"38.60","Magnotica Pro magnetische deursluiter wit","1400099","dict"
"44.69","Onzichtbaar scharnier Exo xc10 wit","1400100","dict"
"44.69","Onzichtbaar scharnier Exo xc10 zwart","1400101","dict"
"20.17","Onzichtbaar scharnier Tyo invisble mat chroom met grijze afdekkappen","1400105","dict"
"146.64","Schuifdeursysteem: Muur/afdekprofiel Linea 12mm 2000mm F1  (exclusief schuifdeurgarnituur)","1400113","dict"
"166.07","Schuifdeursysteem: Muur/afdekprofiel Linea 18mm 2000mm F1 (exclusief schuifdeurgarnituur)","1400115","dict"
"219.95","Schuifdeursysteem: Muur/afdekprofiel Linea 12mm 3000mm F1 (excl. schuifdeurgarnituur)","1400117","dict"
"216.65","Schuifdeursysteem: Muur/afdekprofiel Linea 18mm 3000mm F1  (exclusief schuifdeurgarnituur)","1400119","dict"
"96.84","Linea Standaard Stop 80 kg. 12/18mm (exclusief profiel)","1400122","dict"
"175.86","Linea Slow Stop 80 kg. 12/18mm (exclusief profiel)","1400123","dict"
"\7.17","Afdekset rvs tbv Pivotica Pro","1400145","dict"
"156.09","Taatsdeurscharnier Pivotica Pro 100kg","1400142","dict"
"\8.22","Afdekset zw tbv Pivotica Pro 150","1400149","dict"
"36.97","Argenta 3D verstelbaar, onzichtbaar scharnier  Invisible medium, mat chroom","E390001","dict"
"31.02","Argenta 3D verstelbaar, onzichtbaar scharnier  Invisible small, mat chroom","E390000","dict"
"88.60","Argenta 3D verstelbaar, onzichtbaar scharnier  NEO-L7 mat chroom","E390002","dict"
"48.25","Argenta 3D verstelbaar, onzichtbaar scharnier  NEO-S5 mat chroom","E390016","dict"
"56.72","Argenta 3D verstelbaar, onzichtbaar scharnier  NEO-M6 mat chroom","E390017","dict"
"48.24","Argenta 3D verstelbaar, onzichtbaar scharnier  NEO-S5 chroom","E390018","dict"
"56.72","Argenta 3D verstelbaar, onzichtbaar scharnier  NEO-M6 chroom","E390019","dict"
"88.60","Argenta 3D verstelbaar, onzichtbaar scharnier  NEO-L7 chroom","E390020","dict"
"53.24","Argenta 3D verstelbaar, onzichtbaar scharnier  NEO-S5 inox look","E390021","dict"
"64.80","Argenta 3D verstelbaar, onzichtbaar scharnier  NEO-M6 inox look","E390022","dict"
"101.45","Argenta 3D verstelbaar, onzichtbaar scharnier  NEO-L7 inox look","E390023","dict"
"53.24","Argenta 3D verstelbaar, onzichtbaar scharnier NEO-S5 pekzwart","E390043","dict"
"53.24","Argenta 3D verstelbaar, onzichtbaar scharnier NEO-S5 zwart omber","E390044","dict"
"64.80","Argenta 3D verstelbaar, onzichtbaar scharnier NEO-M6 zwart omber","E390045","dict"
"106.35","Argenta 3D verstelbaar, onzichtbaar scharnier  NEO-L7 mat chroom RF60","E390054","dict"
"35.34","Argenta 3D verstelbaar, onzichtbaar scharnier, invisible small, mat wit ral 9016","e390071","dict"
"35.36","Argenta 3D verstelbaar, onzichtbaar scharnier, invisible small, mat zwart ral 9005","e390072","dict"
"42.18","Argenta 3D verstelbaar, onzichtbaar scharnier, invisible medium, mat wit ral 9016","e390075","dict"
"42.18","Argenta 3D verstelbaar, onzichtbaar scharnier, invisible medium, mat zwart ral 9005","e390076","dict"
"\2.67","Proslide afdekkap voor profiel en ESSI module","1400039","dict"
"\8.43","Loopslot met magnetische schoot, rvs voorplaat, doornmaat 50mm,  exclusief sluitkom/sluitplaat","1222104","dict"
"\8.85","Wc-slot, 8x63, met magnetisch schoot, rvs voorplaat, doornmaat 50mm,  exclusief sluitkom/sluitplaat","1222105","dict"
"11.14","Dag- en nachtslot, klavier/sleutelgat 56mm, met magnetisch schoot, rvs voorplaat, doornmaat 50mm,  exclusief sluitkom/sluitplaat","1222106","dict"
"18.86","Magneet project insteek loopslot, met roestvaststalen voorplaat, zonder sluitplaat. Doornmaat 60mm.","1222131","dict"
"21.82","Magneet project insteek badkamer/toiletslot, met roestvaststalen voorplaat, zonder sluitplaat. Doornmaat 60mm.","1222133","dict"
"29.84","Magneet project insteek dag & nachtslot, cilindersparing, met roestvaststalen voorplaat, zonder sluitplaat. Doornmaat 60mm.","1222135","dict"
"\4.92","Sluitplaat tbv magneetslot loop/wc","1222142","dict"
"26.39","Buis zwart 27mm lengte = 2000mm","1482412","dict"
"14.21","Buis zwart 27mm lengte = 1000mm","1482413","dict"
"\5.44","Voetplaat zwart 27mm","1482415","dict"
"\3.47","Haak zwart 27mm","1482416","dict"
"\3.75","T-stuk vlak zwart 27mm","1482417","dict"
"\6.01","Leuningdrager zwart 27mm","1482418","dict"
"\4.08","Bocht zwart 27mm","1482419","dict"
"\3.90","Bevestigingsring zwart 27mm","1482420","dict"
"\6.45","Kniestuk zwart 27mm","1482421","dict"
"\3.30","Kledinghanger 8mm massief rvs","1482451","dict"
"\5.29","Hoekstuk zwart 27mm","1482423","dict"
"\6.86","Kledinghanger 12mm massief rvs draaibare haak","1482452","dict"
"\5.77","Kledinghanger plat model rvs","1482453","dict"
"\5.12","Kledinghanger 16mm holle buis rvs","1482454","dict"
"\6.21","Kledinghanger plat model zwart","1482466","dict"
"\5.58","Kledinghanger 16mm holle buis zwart","1482468","dict"
"\7.44","Deurkruk aluminium kleur F1, D-model, met zelfplakkende Easy Click montage","1222312","dict"
"\7.31","Deurkruk aluminium kleur F1, L-model met haakse hoek, met zelfplakkende Easy Click montage","1222313","dict"
"\7.67","Deurkruk aluminium kleur F1, L-model met afgeronde hoek, met zelfplakkende Easy Click montage","1222314","dict"
"\1.88","Cilinderrozet aluminium kleur F1, met zelfplakkende Easy Click montage","1222316","dict"
"\1.88","Sleutel/klavierrozet aluminium kleur F1, met zelfplakkende Easy Click montage","1222317","dict"
"\3.19","Toilet-/badkamer rozet aluminium kleur F1, met zelfplakkende Easy Click montage","1222318","dict"
"\1.88","Blind- of afdekrozet aluminium kleur F1, met zelfplakkende Easy Click montage","1222319","dict"
"\8.24","Deurkruk aluminium kleur roestvaststaal look, D-model, met zelfplakkende Easy Click montage","1222322","dict"
"\8.11","Deurkruk aluminium kleur roestvaststaal look, L-model met haakse hoek, met zelfplakkende Easy Click montage","1222323","dict"
"\8.49","Deurkruk aluminium kleur roestvaststaal look, L-model met afgeronde hoek, met zelfplakkende Easy Click montage","1222324","dict"
"\2.09","Cilinderrozet aluminium kleur roestvaststaal look, met zelfplakkende Easy Click montage","1222326","dict"
"\2.09","Sleutel/klavierrozet aluminium kleur roestvaststaal look, met zelfplakkende Easy Click montage","1222327","dict"
"\3.53","Toilet-/badkamer rozet aluminium kleur roestvaststaal look, met zelfplakkende Easy Click montage","1222328","dict"
"\2.09","Blind- of afdekrozet aluminium kleur roestvaststaal look, met zelfplakkende Easy Click montage","1222329","dict"
"\7.44","Deurkruk aluminium kleur zwart, D-model, met zelfplakkende Easy Click montage","1222332","dict"
"\1.88","Cilinderrozet aluminium kleur zwart, met zelfplakkende Easy Click montage","1222336","dict"
"\1.88","Sleutel/klavierrozet aluminium kleur zwart, met zelfplakkende Easy Click montage","1222337","dict"
"\3.19","Toilet-/badkamer rozet aluminium kleur zwart, met zelfplakkende Easy Click montage","1222338","dict"
"\1.88","Blind- of afdekrozet aluminium kleur zwart, met zelfplakkende Easy Click montage","1222339","dict"
"13.01","Deurkruk L-model, kleur zwart met structuur, afgeronde haakse hoek, vastdraaibaar en geveerd, op ronde rozet","1222442","dict"
"14.35","Deurkruk L-model, kleur zwart met structuur, haakse hoek, vastdraaibaar en geveerd, op ronde rozet","1222443","dict"
"13.21","Deurkruk D-model, kleur zwart met structuur, vastdraaibaar en geveerd, op ronde rozet","1222444","dict"
"\3.99","Cilinderrozet rond, kleur zwart, 6mm dik","1222451","dict"
"\3.99","Sleutelrozet rond, kleur zwart, 6mm dik","1222452","dict"
"\8.69","Wc-rozet rond, kleur zwart, 6mm dik","1222453","dict"
"19.29","Deurkrukgarnituur, L-model haaks, geveerd, vast gemonteerd op langschild 225x40mm, in kleur zwart met structuur, blind","1222463","dict"
"19.29","Deurkrukgarnituur, L-model haaks, geveerd, vast gemonteerd op langschild 225x40mm, in kleur zwart met structuur, sleutelgat klavier 56mm","1222464","dict"
"19.29","Deurkrukgarnituur, L-model haaks, geveerd, vast gemonteerd op langschild 225x40mm, in kleur zwart met structuur, cilindergat pc55","1222465","dict"
"19.29","Deurkrukgarnituur, L-model haaks, geveerd, vast gemonteerd op langschild 225x40mm, in kleur zwart met structuur, cilindergat pc72","1222466","dict"
"21.48","Deurkrukgarnituur, L-model haaks, geveerd, vast gemonteerd op langschild 225x40mm, in kleur zwart met structuur, wc-/badkamer sluiting 8x63","1222467","dict"
"21.48","Deurkrukgarnituur, L-model haaks, geveerd, vast gemonteerd op langschild 225x40mm, in kleur zwart met structuur, wc-/badkamer sluiting 8x72","1222468","dict"
"\9.90","Schuifdeurkom roestvaststaal Ø70mm geboord","1216763","dict"
"\9.90","Schuifdeurkom roestvaststaal Ø70mm blind","1216764","dict"
"15.00","Schuifdeurkom roestvaststaal Ø110mm geboord","1216765","dict"
"\2.58","Greep gebogen roestvaststaal 96mm/diameter 10mm","1216801","dict"
"\2.98","Greep gebogen roestvaststaal 128mm/diameter 10mm","1216802","dict"
"\3.51","Greep gebogen roestvaststaal 160mm/diameter 10mm","1216803","dict"
"\6.13","Greep gebogen roestvaststaal 320mm/diameter 10mm","1216805","dict"
"\3.18","T-greep roestvaststaal 96/160mm diameter 10mm","1216811","dict"
"\3.61","T-greep roestvaststaal 128/192mm diameter 10mm","1216812","dict"
"\3.96","T-greep roestvaststaal 160/224mm diameter 10mm","1216813","dict"
"\4.37","T-greep roestvaststaal 192/256mm diameter 10mm","1216814","dict"
"\6.13","T-greep roestvaststaal 320/384mm diameter 10mm","1216816","dict"
"\6.99","T-greep roestvaststaal 384/448mm diameter 10mm","1216817","dict"
"\8.18","T-greep roestvaststaal 480/544mm diameter 10mm","1216818","dict"
"\9.04","T-greep roestvaststaal 544/608mm diameter 10mm","1216819","dict"
"\6.03","T-greep roestvaststaal 96/160mm diameter 14mm","1216831","dict"
"\8.70","T-greep roestvaststaal 192/256mm diameter 14mm","1216834","dict"
"\7.48","T-greep roestvaststaal 160/224mm diameter 14mm","1216833","dict"
"19.40","T-greep roestvaststaal 592/656mm diameter 14mm","1216839","dict"
"\6.73","T-greep roestvaststaal 128/192mm diameter 14mm","1216832","dict"
"22.13","T-greep roestvaststaal 692/756mm diameter 14mm","1216840","dict"
"11.91","T-greep roestvaststaal 320/384mm diameter 14mm","1216836","dict"
"13.96","T-greep roestvaststaal 392/456mm diameter 14mm","1216837","dict"
"24.88","T-greep roestvaststaal 792/856mm diameter 14mm","1216841","dict"
"\2.67","Draadgreep roestvaststaal 96mm diameter 10mm","1216851","dict"
"\2.92","Draadgreep roestvaststaal 128mm diameter 10mm","1216852","dict"
"\3.28","Draadgreep roestvaststaal 160mm diameter 10mm","1216853","dict"
"\7.50","Draadgreep roestvaststaal 416mm diameter 10mm","1216857","dict"
"\3.58","Draadgreep roestvaststaal 192mm diameter 10mm","1216854","dict"
"\5.43","Draadgreep roestvaststaal 320mm diameter 10mm","1216856","dict"
"\7.99","Draadgreep roestvaststaal 512mm diameter 10mm","1216858","dict"
"\1.45","Knop rond roestvaststaal 10mm","1216861","dict"
"\1.82","Knop rond roestvaststaal 15mm","1216862","dict"
"\2.46","Knop rond roestvaststaal 20mm","1216863","dict"
"\3.80","Knop rond roestvaststaal 25mm","1216864","dict"
"\4.91","Knop rond roestvaststaal 30mm","1216865","dict"
"61.52","Briefplaat bu.dr.roestvaststaal recht uden","1217840","dict"
"64.03","Briefplaat buitendraaiend roestvaststaal rond apeldoorn","1217842","dict"
"18.07","Beldrukker roestvaststaal rond","1217843","dict"
"18.07","Beldrukker roestvaststaal ovaal","1217844","dict"
"\4.11","Oxloc deurstopper roestvaststaal vloer 61995","1217880","dict"
"\5.20","Oxloc deurstopper roestvaststaal mat vloer 61997","1217881","dict"
"\4.19","Oxloc deurstopper  roestvaststaal vloer 61998","1217882","dict"
"\4.60","Oxloc deurstopper roestvaststaal mat vloer 57x23","1217884","dict"
"\3.16","Onderlegplaat voor deurstopper  620000","1217885","dict"
"\5.51","Oxloc deurstopper roestvaststaal vloer 62000","1217886","dict"
"\3.63","Onderlegplaat deurstopper    62001","1217887","dict"
"10.25","Oxloc deurstopper roestvaststaal vloer 62001","1217888","dict"
"\8.65","Oxloc deurstopper roestvaststaal vloer 62002","1217889","dict"
"\7.38","Oxloc deurstopper roestvaststaal wand 25x78mm.","1217890","dict"
"33.03","Oxloc Kierstandhouder, roestvaststaal, binnendraaiende deur, SKG","1219761","dict"
"33.03","Oxloc Kierstandhouder, roestvaststaal, buitendraaiende deur, SKG","1219763","dict"
"\6.21","Huiscijfer roestvaststaal 120mm nr 0","1219780","dict"
"\6.21","Huiscijfer roestvaststaal 120mm nr 1","1219781","dict"
"\6.21","Huiscijfer roestvaststaal 120mm nr 2","1219782","dict"
"\6.21","Huiscijfer roestvaststaal 120mm nr 3","1219783","dict"
"\6.21","Huiscijfer roestvaststaal 120mm nr 4","1219784","dict"
"\6.21","Huiscijfer roestvaststaal 120mm nr 5","1219785","dict"
"\6.21","Huiscijfer roestvaststaal 120mm nr 6/9","1219786","dict"
"\6.21","Huiscijfer roestvaststaal 120mm nr 7","1219787","dict"
"\6.21","Huiscijfer roestvaststaal 120mm nr 8","1219788","dict"
"\6.21","Huisletter roestvaststaal 93mm a","1219790","dict"
"\6.21","Huisletter roestvaststaal 93mm c","1219792","dict"
"\6.21","Huisletter roestvaststaal 120mm b","1219791","dict"
"\6.21","Huisletter roestvaststaal 120mm d","1219793","dict"
"\9.81","Pictogram rvs zelfkl.75mm heren","1220801","dict"
"\9.81","Pictogram rvs zelfkl. Dames/Heren","1220803","dict"
"12.92","Pictogram rvs zelfkl. 75mm babykamer","1220808","dict"
"12.92","Pictogram rvs zelfkl. douche","1220809","dict"
"","","","dict"
"","","","dict"
"27.02","Oxloc vh rozet vierk.roestvaststaal     pc","1219705","dict"
"35.49","P+E Projectscharnier CE hout/hout 160mm rvs geborsteld","PE00001","dict"
"29.43","P+E Projectscharnier CE hout/hout 160mm rvs-look","PE00002","dict"
"\6.28","P+E Krukstift 95x8mm gegalvaniseerd","PE00003","dict"
"\7.07","P+E Krukstift 120x8mm gegalvaniseerd","PE00005","dict"
"\6.67","P+E Krukstift 110x8mm gegalvaniseerd","PE00004","dict"
"\7.42","P+E Krukstift 140x8mm gegalvaniseerd","PE00006","dict"
"\9.17","P+E Krukstift 150x8mm gegalvaniseerd","PE00007","dict"
"11.18","P+E Krukstift 160x8mm gegalvaniseerd","PE00008","dict"
"\2.14","P+E Rozet blind rond ø55x2mm met schroefgaten rvs geborsteld","PE00014","dict"
"\3.36","P+E Rozet blind rond ø55x2mm met M4 draadbussen rvs geborsteld","PE00015","dict"
"\2.14","P+E Rozet profielcilindergat rond ø55x2mm met schroefgaten rvs geborsteld","PE00016","dict"
"\3.36","P+E Rozet profielcilindergat rond ø55x2mm met M4 draadbussen rvs geborsteld","PE00017","dict"
"29.44","P+E Deurknop op ronde rozet ø55x2mm wisselstift 8mm rvs geborsteld","PE00019","dict"
"27.55","P+E Deurknop op ronde rozet ø55xmm wisselstift 9mm rvs geborsteld","PE00020","dict"
"12.64","P+E Kogelstift paumelle SKG3 hout/hout 100mm DIN links rvs geborsteld","PE00044","dict"
"12.64","P+E Kogelstift paumelle SKG3 hout/hout 100mm DIN rechts rvs geborsteld","PE00045","dict"
"39.64","P+E Projectscharnier hout/hout 100mm rvs geborsteld","PE00046","dict"
"12.67","P+E Kogelstift paumelle SKG3 hout/hout 160mm DIN links rvs geborsteld","PE00047","dict"
"12.67","P+E Kogelstift paumelle SKG3 hout/hout 160mm DIN rechts rvs geborsteld","PE00048","dict"
"50.26","P+E Projectscharnier SKG3 hout/hout 100mm rvs geborsteld","PE00074","dict"
"59.77","P+E Projectscharnier SKG3 hout/hout 160mm rvs geborsteld","PE00075","dict"
"28.35","P+E Dag- en nachtslot profielcilindergat 72mm DIN rechts/links met rvs geborstelde voorplaat 235x20mm","PE00076","dict"
"28.35","P+E Kastslot profielcilindergat 72mm DIN rechts/links met rvs geborstelde voorplaat 235x20mm","PE00077","dict"
"28.35","P+E Loopslot DIN rechts/links met rvs geborstelde voorplaat 235x20mm","PE00078","dict"
"28.35","P+E Vrij- en bezetslot WC72mm DIN rechts/links met rvs geborstelde voorplaat 235x20mm","PE00079","dict"
"41.48","P+E Tonrol loopslot met gegalvaniseerde sluitplaat 140x20mm","PE00080","dict"
"85.39","P+E Tonrol dag- en nachtslot profielcilindergat 78mm doornmaat 35mm met gegalvaniseerde voorplaat 220x22mm","PE00081","dict"
"21.37","P+E Sluitplaat zonder lip voor projectsloten met dag- en nachtsschoot 265x28mm rvs geborsteld","PE00082","dict"
"16.59","P+E Sluitplaat voor projectsloten met dag- en nachtschoot DIN links 235x25mm rvs geborsteld","PE00083","dict"
"16.59","P+E Sluitplaat voor projectsloten met dag- en nachtschoot DIN rechts 235x25mm rvs geborsteld","PE00084","dict"
"16.59","P+E Sluitplaat voor projectsloten met dagschoot DIN links 235x25mm rvs geborsteld ","PE00085","dict"
"16.59","P+E Sluitplaat voor projectsloten met dagschoot DIN rechts 235x25mm rvs geborsteld","PE00086","dict"
"16.59","P+E Sluitplaat voor projectsloten met nachtschoot DIN links 235x25mm rvs geborsteld","PE00087","dict"
"16.59","P+E Sluitplaat voor projectsloten met nachtschoot DIN rechts 235x25mm rvs geborsteld","PE00088","dict"
"13.75","P+E Sluitplaat voor projectsloten met dag- en nachtschoot 270x24mm rvs geborsteld","PE00093","dict"
"70.62","P+E Tonrol dag- en nachtslot profielcilindergat 72mm doornmaat 60mm met rvs geborstelde voorplaat 235x25mm","PE00091","dict"
"129.87","P+E Veiligheidsslot profielcilindergat 92mm doornmaat 25mm DIN rechts/links met rvs geborstelde voorplaat 270x24mm","PE00095","dict"
"110.72","P+E Veiligheidsslot profielcilindergat 92mm doornmaat 35mm DIN rechts/links met rvs geborstelde voorplaat 270x24mm ","PE00097","dict"
"110.72","P+E Veiligheidsslot profielcilindergat 92mm doornmaat 30mm DIN rechts/links met rvs geborstelde voorplaat 270x24mm ","PE00096","dict"
"110.72","P+E Veiligheidsslot profielcilindergat 92mm doornmaat 40mm DIN rechts/links met rvs geborstelde voorplaat 270x24mm ","PE00098","dict"
"20.11","P+E Gatdeel deurkruk L-model op ronde rozet 8mm stift rvs geborsteld","PE00100","dict"
"18.71","P+E Gatdeel deurkruk L-model op ronde rozet 9mm stift rvs geborsteld","PE00102","dict"
"20.11","P+E Gatdeel deurkruk U-model op ronde rozet 8mm stift rvs geborsteld","PE00104","dict"
"18.71","P+E Gatdeel deurkruk U-model op ronde rozet 9mm stift rvs geborsteld","PE00106","dict"
"22.11","P+E Gatdeel deurkruk L-model haaks 8mm stift rvs geborsteld","PE00108","dict"
"20.01","P+E Gatdeel deurkruk L-model haaks 9mm stift rvs geborsteld","PE00110","dict"
"26.97","P+E Gatdeel deurkruk Sabel op ronde rozet 8mm stift rvs geborsteld","PE00112","dict"
"25.10","P+E Gatdeel deurkruk Sabel op ronde rozet 9mm stift rvs geborsteld","PE00114","dict"
"","","","dict"
"33.07","P+E Gatdeel deurkruk Erick op ronde rozet 9mm stift rvs geborsteld","PE00118","dict"
"40.21","P+E Deurkruk L-model op ronde rozet 8mm stift rvs geborsteld","PE00099","dict"
"37.40","P+E Deurkruk L-model op ronde rozet 9mm stift rvs geborsteld","PE00101","dict"
"","","","dict"
"","","","dict"
"","","","dict"
"42.23","P+E Deurkruk L-model haaks op ronde rozet 9mm stift rvs geborsteld","PE00109","dict"
"53.95","P+E Deurkruk Sabel op ronde rozet 8mm stift rvs geborsteld","PE00111","dict"
"","","","dict"
"","","","dict"
"","","","dict"
"34.80","Binnenbrievenbus  met borstel en klep   wit","1476541","dict"
"34.80","Binnenbrievenbus  met borstel en klep  grys","1476542","dict"
"193.03","Binnenbrievenbus           roestvaststaal","1476547","dict"
"\9.40","Brievenbusborstel 340x80   wit","1476549","dict"
"\9.40","Brievenbusborstel 340x80 bruin","1476550","dict"
"14.99","Brievenbus met klep      bruin","1476551","dict"
"14.99","Brievenbus met klep        wit","1476552","dict"
"","","","dict"
"\2.88","Proslide geleid.prof.alum 1m 15x15x15x2-","1400014","dict"
"\3.36","Proslide geleid.prof.alum 2m 15x15x15x2-","1400015","dict"
"10.07","Proslide geleid.prof.alum 6m 15x15x15x2-","1400016","dict"
"86.15","Taatsdeurscharnier JNF instelbaar 100kg","1400228","dict"
"20.69","Secu brievenbusklepbeveiliging rvs","1243829","dict"
"28.07","Secumax brievenbusbev. alum.","1243842","dict"
"\1.95","Afdekkapje zwart ste-30","1461976","dict"
"15.08","Paumelle vl roestvaststaal afgeronde hoeken  rechts 89x89mmx2.5 12mm knoop","1169030","dict"
"15.08","Paumelle vl roestvaststaal afgeronde hoeken  links 89x89mmx2.5mm 12mm knoop","1169031","dict"
"\6.93","Interechtsteel Kogellagerechtscharnier afgerond tot 70 kilo roestvaststaal geborechtsteld, 89x89mmx2.5mm","1169070","dict"
"13.14","Kogelinkscharnier vl roestvaststaal afgeronde hoeken  veiligheid 89x89mmx3","1169099","dict"
"51.41","Kantschuif (geheel roestvaststaal ) 25mm/150mm roestvaststaal","1169200","dict"
"56.35","Kantschuif (geheel roestvaststaal ) 25mm/200mm roestvaststaal","1169201","dict"
"62.92","Kantschuif (geheel roestvaststaal ) 25mm/250mm roestvaststaal","1169202","dict"
"80.95","Kantschuif (geheel roestvaststaal ) 25mm/500mm roestvaststaal","1169204","dict"
"106.10","Kantschuif (geheel roestvaststaal ) 25mm/600mm roestvaststaal","1169205","dict"
"\9.89","Schuifdeurkom roestvaststaal Ø50mm geboord","1216761","dict"
"","","","dict"
"53.70","Brievenbus pvc zwart Summus RAL 9006","1325100","dict"
"53.70","Brievenbus pvc grijs Summus RAL 7017","1325101","dict"
"53.70","Brievenbus pvc groen Summus RAL 6010","1325103","dict"
"53.70","Brievenbus pvc zilver Summus RAL 9007","1325102","dict"
"73.94","Briefplaat met valklep, rvs 35375 ovaal","1325188","dict"
"11.39","Schuifdeurkom roestvaststaal 120x40 rechthoekig blind","1325190","dict"
"","","","dict"
"53.62","Kierstandhouder roestvaststaal Bauhaus skg","1325402","dict"
"17.77","Gatdeel Luzern RVS/mat zwart","1325449","dict"
"17.77","Gatdeel Bern   RVS/mat zwart","1325450","dict"
"23.58","Gatdeel Jura   RVS/mat zwart","1325451","dict"
"31.73","Gatdeel Jupiter RVS/mat zwart","1325452","dict"
"23.04","Toiletgarnituur roestvaststaal rond 8mm ","1325470","dict"
"24.15","Toiletgarn.roestvaststaal rond plat verdekt.","1325593","dict"
"28.19","Beldrukker ovaal roestvaststaal.","1325650","dict"
"89.16","Briefplaat met klep/regenrand roestvaststaal.","1325652","dict"
"36.25","Beldrukker rond roestvaststaal.","1325651","dict"
"89.16","Briefplaat ovaal met regenrand roestvaststaal","1325653","dict"
"73.18","Tochtwering rechthoek roestvaststaal.","1325654","dict"
"73.18","Tochtwering ovaal roestvaststaal.","1325655","dict"
"51.58","Intersteel complete schuifdeurset 2 meter Barndoor mat zwart","1325812","dict"
"\3.21","Handgreep zwart geperst 130mm","1325820","dict"
"","","","dict"
"23.74","Sluitvertrager zwart tbv schuifdeursysteem","1325823","dict"
"21.08","Intersteel Schuifdeursysteem – tussenrail 90 cm mat zwart","1325824","dict"
"99.34","Taatsdeurscharnier voor houten deuren tot 75kg met rvs afdekkappen","1328828","dict"
"","","","dict"
"34.28","Deurgreep T-vorm 300x65x20 h.o.h. 200 roestvaststaal","E320000","dict"
"35.45","Deurgreep T-vorm 400x65x20 h.o.h. 300 roestvaststaal","E320002","dict"
"35.88","Deurgreep T-vorm 500x65x20 h.o.h. 300 roestvaststaal","E320004","dict"
"49.23","Deurgreep T-vorm 700x65x20 h.o.h. 500 roestvaststaal","E320006","dict"
"52.57","Deurgreep T-vorm 500x70x25 h.o.h. 300 roestvaststaal","E320010","dict"
"56.43","Deurgreep T-vorm 700x70x25 h.o.h. 500 roestvaststaal","E320012","dict"
"59.40","Deurgreep T-vorm 800x70x25 h.o.h. 600 roestvaststaal","E320014","dict"
"100.64","Deurgreep T-vorm 1200x70x25 h.o.h. 1000 roestvaststaal","E320016","dict"
"75.47","Deurgreep T-vorm 700x82x32 h.o.h. 500 roestvaststaal","E320020","dict"
"60.04","Deurgreep T-schuin 500x85x25 h.o.h. 300 roestvaststaal","E320024","dict"
"77.74","Deurgreep T-schuin 700x85x25 h.o.h. 500 roestvaststaal","E320026","dict"
"69.70","Deurgreep T-schuin 500x90x30 h.o.h. 300 roestvaststaal","E320028","dict"
"21.79","Deurgreep U-vorm 320x65x20 h.o.h. 300 roestvaststaal","E320036","dict"
"32.72","Deurgreep U-vorm 325x70x25 h.o.h. 300 roestvaststaal","E320038","dict"
"37.59","Deurgreep U-vorm 425x70x25 h.o.h. 400 roestvaststaal","E320040","dict"
"43.50","Deurgreep U-vorm 332x80x32 h.o.h. 300 roestvaststaal","E320042","dict"
"57.12","Deurgreep U-vorm 432x80x32 h.o.h. 400 roestvaststaal","E320044","dict"
"74.89","Deurgreep U-vorm 632x80x32 h.o.h. 600 roestvaststaal","E320046","dict"
"27.85","Deurgreep recht-90° 320x65x20 h.o.h. 300 roestvaststaal","E320048","dict"
"24.89","Deurgreep recht-90° 325x70x25 h.o.h. 300 roestvaststaal","E320050","dict"
"","","","dict"
"","","","dict"
"","","","dict"
"","","","dict"
"","","","dict"
"","","","dict"
"","","","dict"
"","","","dict"
"","","","dict"
"","","","dict"
"","","","dict"
"","","","dict"
"","","","dict"
"","","","dict"
"","","","dict"
"","","","dict"
"","","","dict"
"","","","dict"
"","","","dict"
"","","","dict"
"","","","dict"
"","","","dict"
"","","","dict"
"","","","dict"
"","","","dict"
"\9.61","Intersteel Rozet profielcilindergat rond nokken roestvaststaal geborsteld 53mm","IN01173","dict"
"","","","dict"
"","","","dict"
"","","","dict"
"18.38","Intersteel Schuifdeursysteem – tussenrail 45 cm mat zwart","IN02293","dict"
"","","","dict"
"","","","dict"
"","","","dict"
"","","","dict"
"","","","dict"
"","","","dict"
"","","","dict"
"","","","dict"
"","","","dict"
"","","","dict"
"","","","dict"
"\1.82","Sluitplaat rvs afgerond kast","IN02407","dict"
"\2.64","Sluitplaat rvs afger.loop korte lip-","IN02406","dict"
"\4.11","Sluitpl.rvs afg.,centr.m/pal,verl.lip,DIN LS","IN02409","dict"
"\4.11","Sluitpl.rvs afg.,centr.m/pal,verl.lip,DIN RS","IN02408","dict"
"17.93","Intersteel magneet woningbouw loopslot met roestvaststaal voorplaat 20X175 mm, inclusief sluitkom","IN02416","dict"
"17.93","Intersteel magneet klavier woningbouw dag- en nachtslot met roestvaststaal voorplaat 20X175 mm, inclusief sluitkom","IN02417","dict"
"17.93","Intersteel magneet cilinder woningbouw dag- en nachtslot PC55 met roestvaststaal voorplaat 20X175 mm, inclusief sluitkom","IN02418","dict"
"17.93","Intersteel magneet woningbouw badkamer/toilet slot 63/8mm met roestvaststaal voorplaat 20X175 mm, inclusief sluitkom","IN02419","dict"
"17.93","Intersteel magneet woningbouw loopslot met zwarte voorplaat 20X175 mm, inclusief sluitkom","IN02420","dict"
"20.05","Intersteel magneet klavier woningbouw dag- en nachtslot met zwarte voorplaat 20X175 mm, inclusief sluitkom","IN02421","dict"
"20.05","Intersteel magneet cilinder woningbouw dag- en nachtslot PC55 met zwarte voorplaat 20X175 mm, inclusief sluitkom","IN02422","dict"
"20.04","Intersteel magneet woningbouw badkamer/toilet slot 63/8mm met zwarte voorplaat 20X175 mm, inclusief sluitkom","IN02423","dict"
"\2.09","Sluitplaat rvs afger.loopslot woningbouwslot","IN02424","dict"
"\2.09","Sluitplaat rvs rechth.loopslot woningbouwslot","IN02425","dict"
"\2.84","Sluitplaat rvs afger.D&N-slot woningbouwslot","IN02426","dict"
"\2.84","Sluitplaat rvs rechth.D&N-slot woningbouwslot","IN02427","dict"
"\2.02","Sluitplaat rvs afger.kastslot woningbouwslot","IN02428","dict"
"\2.02","Sluitplaat rvs rechth.kastslot woningbouwslot","IN02429","dict"
"","","","dict"
"11.91","Kogellagerscharnier 76x76x2,5 zwart","IN02482","dict"
"11.91","Kogellagerscharnier ronde hoeken 76x76x76x2,5mm zwart","IN02483","dict"
"32.65","Onzichtbaar, 3D verstelbaar scharnier130x30,3D,verz.-vernik.30min.","IN02484","dict"
"38.26","Onzichtbaar, 3D verstelbaar scharnier130x30,3D,grijs gelakt 30min.","IN02485","dict"
"","","","dict"
"23.87","Onzichtbaar, 3D verstelbaar scharnier130x30,3D,verz.-vernik.fiberg","IN02487","dict"
"53.40","Onzichtbaar, 3D verstelbaar scharnier160x32,3D,vernikkeld 60min.","IN02490","dict"
"18.21","Gatdeel Jura recht hoek 90 19mm rvs zwart","IN02517","dict"
"45.58","Deurkruk gatdeel Bau-stil mat zwart","in02542","dict"
"18.22","Deurkruk gatdeel Jura mat zwart","in02545","dict"
"\4.48","Sleutelgat plaatje vierkant 55x55x10mm met nokken wit","IN02577","dict"
"\4.48","Profielcilinder plaatje vierkant 55x55x10mm met nokken wit","IN02578","dict"
"\4.65","Sleutelgat plaatje rond ø52x10mm met nokken wit","IN02580","dict"
"\4.65","Profielcilinder plaatje rond ø52x10mm met nokken wit","IN02581","dict"
"17.36","WC-sluiting 6mm rond ø53x8mm staal met 7mm no","IN02583","dict"
"","","","dict"
"","","","dict"
"","","","dict"
"","","","dict"
"","","","dict"
"","","","dict"
"","","","dict"
"","","","dict"
"24.90","Olivari rozet vierkant met profielcilindergat chroom","OL00134","dict"
"27.85","Olivari rozet vierkant met profielcilindergat chroom mat","OL00135","dict"
"29.68","Olivari rozet vierkant met profielcilindergat messing titaan PVD","OL00136","dict"
"30.03","Olivari rozet vierkant met profielcilindergat mat titaan PVD","OL00137","dict"
"30.03","Olivari rozet vierkant met profielcilindergat nikkel mat titaan PVD","OL00139","dict"
"29.68","Olivari rozet vierkant met profielcilindergat nikkel titaan PVD","OL00138","dict"
"30.03","Olivari rozet vierkant met profielcilindergat inox mat titaan PVD","OL00140","dict"
"31.93","Olivari rozet vierkant met profielcilindergat antraciet mat titaan PVD","OL00141","dict"
"33.00","Olivari rozet vierkant met profielcilindergat koper mat titaan PVD","OL00142","dict"
"15.03","Olivari rozet rond met profielcilindergat chroom","OL00154","dict"
"18.05","Olivari rozet rond met profielcilindergat chroom mat","OL00155","dict"
"19.80","Olivari rozet rond met profielcilindergat messing titaan PVD","OL00156","dict"
"33.00","Olivari rozet vierkant met profielcilindergat brons mat titaan PVD","OL00143","dict"
"20.22","Olivari rozet rond met profielcilindergat mat titaan PVD","OL00157","dict"
"19.80","Olivari rozet rond met profielcilindergat nikkel titaan PVD","OL00158","dict"
"20.22","Olivari rozet rond met profielcilindergat nikkel mat titaan PVD","OL00159","dict"
"20.22","Olivari rozet rond met profielcilindergat inox mat titaan PVD","OL00160","dict"
"22.11","Olivari rozet rond met profielcilindergat antraciet mat titaan PVD","OL00161","dict"
"23.16","Olivari rozet rond met profielcilindergat koper mat titaan PVD","OL00162","dict"
"23.16","Olivari rozet rond met profielcilindergat brons mat titaan PVD","OL00163","dict"
"\5.71","Cilinderrozet roestvaststaal rond ","1325461","dict"
"","","","dict"
"\5.71","Afdekrozet roestvaststaal rond ","1325467","dict"
"","","","dict"
"","","","dict"
"","","","dict"
"","","","dict"
"52.76","Intersteel Deurkruk Rond op schild toilet-/badkamersluiting 8x72 mm rvs geborsteld, EN1906-klasse 4, type 1295","1325588","dict"
"","","","dict"
"","","","dict"
"\7.31","Cilinderrozet roestvaststaal rond plat verdekt.","1325591","dict"
"","","","dict"
"","","","dict"
"","","","dict"
"","","","dict"
"","","","dict"
"","","","dict"
"","","","dict"
"","","","dict"
"53.84","Intersteel Deurkruk Hoek 90° op rechthoekig schild toilet-/badkamersluiting 8x63 mm rechts rvs geborsteld","1325602","dict"
"","","","dict"
"","","","dict"
"53.84","Intersteel Deurkruk Hoek 90° op rechthoekig schild toilet-/badkamersluiting 8x72 mm links rvs geborsteld, EN1906-klasse 4, type 1297","1325607","dict"
"","","","dict"
"271.69","Veiligheidsgarnituur SKG*** met knop  PC72 roestvaststaal.","1325631","dict"
"271.69","Veiligheidsgarnituur SKG*** met knop  PC92 roestvaststaal.","1325632","dict"
"","","","dict"
"","","","dict"
"220.45","Veiligheidsgarnituur SKG***  greep/kruk pc72 roestvaststaal.","1325637","dict"
"","","","dict"
"","","","dict"
"190.70","Veiligheidsgarnituur SKG***  greep/kruk blind/pc92 roestvaststaal.","1325641","dict"
"","","","dict"
"","","","dict"
"","","","dict"
"","","","dict"
"","","","dict"
"","","","dict"
"","","","dict"
"","","","dict"
"","","","dict"
"","","","dict"
"75.44","Deurgrepen T-vorm 300x65x20 h.o.h. 200 roestvaststaal","E320001","dict"
"79.51","Deurgrepen T-vorm 400x65x20 h.o.h. 300 roestvaststaal","E320003","dict"
"80.61","Deurgrepen T-vorm 500x65x20 h.o.h. 300 roestvaststaal","E320005","dict"
"98.40","Deurgrepen T-vorm 700x65x20 h.o.h. 500 roestvaststaal","E320007","dict"
"134.16","Deurgrepen T-vorm 1200x65x20 h.o.h. 1000 roestvaststaal","E320009","dict"
"102.15","Deurgrepen T-vorm 500x70x25 h.o.h. 300 roestvaststaal","E320011","dict"
"105.66","Deurgrepen T-vorm 700x70x25 h.o.h. 500 roestvaststaal","E320013","dict"
"110.68","Deurgrepen T-vorm 800x70x25 h.o.h. 600 roestvaststaal","E320015","dict"
"183.05","Deurgrepen T-vorm 1200x70x25 h.o.h. 1000 roestvaststaal","E320017","dict"
"125.04","Deurgrepen T-vorm 700x82x32 h.o.h. 500 roestvaststaal","E320021","dict"
"120.12","Deurgrepen T-schuin 500x85x25 h.o.h. 300 roestvaststaal","E320025","dict"
"141.45","Deurgrepen T-schuin 700x85x25 h.o.h. 500 roestvaststaal","E320027","dict"
"126.87","Deurgrepen T-schuin 500x90x30 h.o.h. 300 roestvaststaal","E320029","dict"
"133.11","Deurgrepen T-schuin 700x90x30 h.o.h. 500 roestvaststaal","E320031","dict"
"176.81","Deurgrepen T-schuin 1200x90x30 h.o.h. 1000 roestvaststaal","E320033","dict"
"56.01","Deurgrepen U-vorm 220x65x20 h.o.h. 200 roestvaststaal","E320035","dict"
"53.55","Deurgrepen U-vorm 320x65x20 h.o.h. 300 roestvaststaal","E320037","dict"
"75.69","Deurgrepen U-vorm 325x70x25 h.o.h. 300 roestvaststaal","E320039","dict"
"86.03","Deurgrepen U-vorm 425x70x25 h.o.h. 400 roestvaststaal","E320041","dict"
"98.32","Deurgrepen U-vorm 332x80x32 h.o.h. 300 roestvaststaal","E320043","dict"
"116.56","Deurgrepen U-vorm 432x80x32 h.o.h. 400 roestvaststaal","E320045","dict"
"124.81","Deurgrepen U-vorm 632x80x32 h.o.h. 600 roestvaststaal","E320047","dict"
"61.18","Deurgrepen recht-90° 320x65x20 h.o.h. 300 roestvaststaal","E320049","dict"
"55.03","Deurgrepen recht-90° 325x70x25 h.o.h. 300 roestvaststaal","E320051","dict"
"","","","dict"
"","","","dict"
"","","","dict"
"","","","dict"
"","","","dict"
"","","","dict"
"","","","dict"
"","","","dict"
"","","","dict"
"33.93","Deurkruk Agatha op ronde rozet 53x8mm zwart","IN02455","dict"
"","","","dict"
"","","","dict"
"171.76","Vh-schild PC72mm KTB mat zwart rechthoekig","IN02551","dict"
"","","","dict"
"","","","dict"
"","","","dict"
"","","","dict"
"144.56","Olivari deurkruk Lotus Q op rozet chroom","OL00012","dict"
"162.01","Olivari deurkruk Lotus Q op rozet chroom mat","OL00013","dict"
"175.58","Olivari deurkruk Lotus Q op rozet nikkel titaan PVD","OL00014","dict"
"184.38","Olivari deurkruk Lotus Q op rozet nikkel mat titaan PVD","OL00015","dict"
"184.38","Olivari deurkruk Lotus Q op rozet rvs mat titaan PVD","OL00016","dict"
"199.04","Olivari deurkruk Lotus Q op rozet antraciet mat titaan PVD","OL00017","dict"
"206.70","Olivari deurkruk Lotus Q op rozet koper mat titaan PVD","OL00018","dict"
"206.70","Olivari deurkruk Lotus Q op rozet brons mat titaan PVD","OL00019","dict"
"144.66","Olivari deurkruk Planet Q op rozet chroom","OL00020","dict"
"162.12","Olivari deurkruk Planet Q op rozet chroom mat","OL00021","dict"
"175.67","Olivari deurkruk Planet Q op rozet nikkel titaan PVD","OL00022","dict"
"184.54","Olivari deurkruk Planet Q op rozet nikkel mat titaan PVD","OL00023","dict"
"184.54","Olivari deurkruk Planet Q op rozet rvs mat titaan PVD","OL00024","dict"
"199.15","Olivari deurkruk Planet Q op rozet antraciet mat titaan PVD","OL00025","dict"
"206.86","Olivari deurkruk Planet Q op rozet koper mat titaan PVD","OL00026","dict"
"206.86","Olivari deurkruk Planet Q op rozet brons mat titaan PVD","OL00027","dict"
"334.34","Olivari deurkruk Total chroom mat","OL00029","dict"
"356.76","Olivari deurkruk Total rvs mat titaan PVD","OL00030","dict"
"290.69","Olivari deurkruk Total chroom","OL00028","dict"
"371.39","Olivari deurkruk Total antraciet mat titaan PVD","OL00031","dict"
"379.08","Olivari deurkruk Total koper mat titaan PVD","OL00032","dict"
"379.08","Olivari deurkruk Total brons mat titaan PVD","OL00033","dict"
"155.00","Olivari deurkruk Trend op rozet chroom","OL00034","dict"
"172.42","Olivari deurkruk Trend op rozet chroom mat","OL00035","dict"
"194.85","Olivari deurkruk Trend op rozet rvs mat titaan PVD","OL00036","dict"
"209.46","Olivari deurkruk Trend op rozet antraciet titaan PVD","OL00037","dict"
"217.16","Olivari deurkruk Trend op rozet koper mat titaan PVD","OL00038","dict"
"190.84","Olivari deurkruk Euclide Q op rozet chroom","OL00039","dict"
"208.30","Olivari deurkruk Euclide Q op rozet chroom mat","OL00040","dict"
"221.87","Olivari deurkruk Euclide Q op rozet nikkel titaan PVD","OL00041","dict"
"245.34","Olivari deurkruk Euclide Q op rozet antraciet mat titaan PVD","OL00042","dict"
"253.01","Olivari deurkruk Euclide Q op rozet koper mat titaan PVD","OL00043","dict"
"253.01","Olivari deurkruk Euclide Q op rozet brons mat titaan PVD","OL00044","dict"
"","","","dict"
"","","","dict"
"","","","dict"
"","","","dict"
"","","","dict"
"","","","dict"
"","","","dict"
"","","","dict"
"","","","dict"
"","","","dict"
"","","","dict"
"","","","dict"
"","","","dict"
"18.66","WC-sluiting 8mm vierkant 55x55x10mm met nokken wit","IN02579","dict"
"18.66","WC-sluiting 8mm rond ø52x10mm met nokken wit","IN02582","dict"
"","","","dict"
"","","","dict"
"","","","dict"
"","","","dict"
"","","","dict"
"","","","dict"
"","","","dict"
"","","","dict"
"","","","dict"
"","","","dict"
"","","","dict"
"","","","dict"
"","","","dict"
"","","","dict"
"","","","dict"
"","","","dict"
"","","","dict"
"","","","dict"
"","","","dict"
"","","","dict"
"","","","dict"
"","","","dict"
"","","","dict"
"","","","dict"
"","","","dict"
