Home,Home
Search entire store here...,Type and hit enter
Your Language:,Language:
Currency:,Currency:
Shopping cart,Bag
BAG,BAG
item(s),item(s)
Navigation,Navigation
Special Price,
Special Price:,
Regular Price:,
Newsletter,newsletters signup
Your email,Your email
Subscribe,Subscribe
Sign Up,Sign Up
My Wishlist,Wishlist
My Wishlist (%d item),Wishlist (%d)
My Wishlist (%d items),Wishlist (%d)
My Account,Account
Cart,Cart
View contents of your shopping cart,View contents of your shopping cart
View shopping cart,View shopping cart
Your cart is empty,Your cart is empty
Continue to Checkout,Continue to Checkout
Currency,Currency
Language,Language
Sign Up,Sign Up
Enter your e-mail,Enter your e-mail
Click to see more products from %s,Click to see more products from %s
Sign Up,Sign Up
From Twitter,From Twitter
Facebook,Facebook
Categories,Categories
Related Products,Related Products
Popular Products,Popular Products
Availability:,
Sign In,Sign In
Create an Account,Register
No tags connected to product,No tags connected to product
View as,View
Price,Price
Price Slider,Price Slider
prev,Previous
next,Next
Qty,Quantity
You may also be interested in the following product(s),We recommend
Unable to find Product ID,Unable to find Product ID
%s was added to your shopping cart.,%s was added to your shopping cart.
Cannot add the item to shopping cart.,Cannot add the item to shopping cart.
Quote item is not found.,Quote item is not found.
%s was updated in your shopping cart.,%s was updated in your shopping cart.
Cannot update the item.,Cannot update the item.
The product %s has been added to comparison list.,The product %s has been added to comparison list.
Wishlist Has Been Disabled By Admin,Wishlist Has Been Disabled By Admin
Please Login First,Please Login First
Unable to Create Wishlist,Unable to Create Wishlist
Product Not Found,Product Not Found
Cannot specify product.,Cannot specify product.
%1$s has been added to your wishlist.,%1$s has been added to your wishlist.
An error occurred while adding item to wishlist: %s,An error occurred while adding item to wishlist: %s
An error occurred while adding item to wishlist.,An error occurred while adding item to wishlist.
View Cart,View Cart
Continue to Checkout,Continue to Checkout
Edit item,Edit item
Remove This Item,Remove This Item
Are you sure you would like to remove this item from the shopping cart?,Are you sure you would like to remove this item from the shopping cart?
Description,Description
Short Description,Short Description
No tags connected to product,No tags connected to product
You need to specify a username,You need to specify a username
There was an error connecting to your Twitter account,There was an error connecting to your Twitter account
Follow us,Follow us
on Twitter,on Twitter
On Sale,On Sale
New Products,New Products
quick view,quick view
WRITE YOUR REVIEW," ""WRITE YOUR REVIEW"""
more...,more...
less...,less...
Popular Brands,Popular Brands
A,A
Actions & Deals,Actions & Deals
Add,Add
Add punch Rose if you suffer from pests,Add punch Rose if you suffer from pests
Add to,Add to
Add to Cart,Add to Cart
All,All
All Categories...,All Categories...
All filters,All filters
An award-winning customer service,An award-winning customer service
and 24031 customers who came before,and 24031 customers who came before
Any questions? Call us at,Any questions? Call us at
Ask Your Question,Ask Your Question
Ask Your Own Question,Ask Your Own Question
Assortment,Assortment
Assortment..,Assortment..
At GYZS.nl,At GYZS.nl
Back,Back
Bestsellers,Bestsellers
Blog along with GYZS,Blog along with GYZS
Business customer are,Business customer are
Buy,Buy
Call,Call
Checkout,Checkout
Choose a category...,Choose a category...
Click & Buy,Click & Buy
Color,Color
combinations & bulkdeals,combinations & bulkdeals
Compare,Compare
Continue to Checkout,Continue to Checkout
customer rating,customer rating
Customer Service,Customer Service
Delivery Throughout Europe,Delivery Throughout Europe
Description,Description
direct leverbaar,immediately available
immediately available,immediately available
Directly go to ,Directly go to 
Discount on clothing,Discount on clothing
Discounts and Promotions online,Discounts and Promotions online
discover gyzs,discover gyzs
Door Fitings,Door Fitings
Downloads,Downloads
Email Address..,Email Address..
Email Address...,Email Address...
Everything in your mailbox,Everything in your mailbox
Everything to feel safe,Everything to feel safe
Excl. Tax,excl tax
Follow gyzs online,Follow gyzs online
Free delivery from,Free delivery from
Frequently Asked Questions,Frequently Asked Questions
Frequently asked questions,Frequently asked questions
get answer within a weekday,get answer within a weekday
General,General
Give your review,Give your review
Go back to the overview,Go back to the overview
Go to the blog of GYZS,Go to the blog of GYZS
Good. Supplier of materials own supplier has standard stock,Good. Supplier of materials own supplier has standard stock
Grouped Product,Grouped Product
handmade selection,handmade selection
Hide,Hide
Hinges,Hinges
How do you determine the direction of a door or,How do you determine the direction of a door or
In stock,In stock
Incl. Tax,incl tax
Incl. Tax:,incl.
items,items
Job Tips,Job Tips
Jump to next slot,Jump to next slot
Jump to previous slot,Jump to previous slot
Klustip: drill how does that work?,Klustip: drill how does that work?
Klustip: wallpaper without bubbles,Klustip: wallpaper without bubbles
Length(mm),Length(mm)
less...,less...
Let gyzs call,Let gyzs call
Let GYZS call you back,Let GYZS call you back
Log in first,Log in first
Locks,Locks
Manual for this product,Manual for this product
more...,more...
Most sold items,Most sold items
Most viewed,Most viewed
My Account,My Account
My Orders,My Orders
My Wishlist,My Wishlist
Now Accessible,Now Accessible
"weekly get the best tips from our blog,","weekly get the best tips from our blog,"
Order Returns,Order Returns
"Order right now, get delieverd tomorrow","Order right now, get delieverd tomorrow"
Other customers also bought,Other customers also bought
Out of stock,Out of stock
Password,Password
Payment options,Payment options
Performance,Performance
pieces,pieces
"Place below your message,question or remark :","Place below your message,question or remark :"
Please enter a valid email address. For example johndoe@domain.com.,Please enter a valid email address. For example johndoe@domain.com.
Posted on %s,Posted on %s
Preferences,Preferences
Price,Price
product,product
Product Information,Product Information
Product Description,Product Description
products,products
professional tips,professional tips
Product comparisons of,Product comparisons of
Review by,Review by
Read,Read
Read full description,Read full description
Read less,Read less
Read less description,Read less description
read more,read more
Read more,Read more
Read review,Read review
Recently viewed by you,Recently viewed by you
Register as Customer,Register as Customer
Reviews,Reviews
Remove,Remove
Sale in your mailbox,Sale in your mailbox
satisfied customers,satisfied customers
Save,Save
Screw,Screw
Search,Search
Send us an email,Send us an email
Shipping,Shipping
Shopping Cart,Shopping Cart
Show Comparision,Show Comparision
Show comparison,Show comparison
Sign Out,Sign Out
Sku,Sku
Sort,Sort
Sort By,Sort By
Special Selection,Special Selection
Specially choosen for you,Specially choosen for you
specially selected for you,specially selected for you
Specifications,Specifications
Specifications to ask,Specifications to ask
Starting at:,St.
Stock,Stock
Submit my question,Submit my question
Submit my review,Submit my review
Subtotal,Subtotal
tax,tax
the best deals and more ...,the best deals and more ...
The comparison list was cleared.,The comparison list was cleared.
The Gyzs Blog,The Gyzs Blog
Therefore you opt for Gyzs,Therefore you opt for Gyzs
This is a required field.,This is a required field.
Type here the title of your question,Type here the title of your question
Type here your review...,Type here your review...
Type here the title of your review...,Type here the title of your review...
Type here your name...,Type here your name...
Type your comment here,Type your comment here
Type your host name,Type your host name
Type your search term here..,Type your search term here..
View,View
View all,View all
View all...,View all...
View all brands,View all brands
View all specifications,View all specifications
View all Varients,View all Varients
View less specifications,View less specifications
View less Varients,View less Varients
View Product,View Product
View Variants,View Variants
Watch action,Watch action
Watch the video,Watch the video
"Welcome %s,","Welcome,"
What customers say,What customers say
Window Hardware,Window Hardware
Would you like to get discounts & promotions in your mailbox?,Would you like to get discounts & promotions in your mailbox?
Write your own review,Write your own review
"Yes, I want discount in my mail!","Yes, I want discount in my mail!"
"Yes, Sign Me Up","Yes, Sign Me Up"
"Yes,","Yes,"
send me the GYZS newsletter,send me the GYZS newsletter
You have no items in your shopping cart.,You have no items in your shopping cart.
Your Shopping Cart,Your Shopping Cart
There are no posted reviews for this item. Here you can share your experience by Placing an evaluation of this article. That you help another buyer! And do you win a voucher.,There are no posted reviews for this item. Here you can share your experience by Placing an evaluation of this article. That you help another buyer! And do you win a voucher.
No reviews posted yet,No reviews posted yet
Please Login first,Please Login first
<span><span>Buy</span></span>,<span><span>Buy</span></span>
<span><span>Click & Buy</span></span>,<span><span>Click & Buy</span></span>
Product with,Product with
variants.,variants.
Do you have a question?,Do you have a question?
"There are no questions asked about this product yet, here you can (if you're logged in) easily ask a question. Then we provide a quick response.","There are no questions asked about this product yet, here you can (if you're logged in) easily ask a question. Then we provide a quick response."
Service at GYZS,Service at GYZS
Always an answer,Always an answer
to your question.,to your question.
Search our Frequently Asked Questions ...,Search our Frequently Asked Questions ...
Product added,Product added
to your question.,to your question.
Search our Frequently Asked Questions ...,Search our Frequently Asked Questions ...
Professional tips:wallpaper without bubbles,Professional tips:wallpaper without bubbles
From GYZS Blog,From GYZS Blog
Go to the blog,Go to the blog
Go to the forum,Go to the forum
Go along with gyzs,Go along with gyzs
I have an account eel,I have an account eel
Register,Register
Close,Close
Back to Customer Service,Back to Customer Service
Vote,Vote
search...,search...
Therefore GYZS,Therefore GYZS
Professional,Professional
Save as favourite,Save as favourite
Blog it,Blog it
Read group less,Read less
Read group more,Read more
fUpdate,Update
"You are now logged out. Within 5 seconds you will be redirect to our homepage","You are now logged out. Within 5 seconds you will be redirect to our homepage"